wl,n,k
2,3.469867218,4.26E-08
2.01,3.469867186,4.33E-08
2.02,3.469867154,4.39E-08
2.03,3.469867122,4.46E-08
2.04,3.46986709,4.53E-08
2.05,3.469867057,0.000000046
2.06,3.469867025,4.67E-08
2.07,3.469866992,4.74E-08
2.08,3.469866959,4.81E-08
2.09,3.469866926,4.88E-08
2.1,3.469866893,4.95E-08
2.11,3.46986686,5.03E-08
2.12,3.469866826,0.000000051
2.13,3.469866792,5.18E-08
2.14,3.469866758,5.25E-08
2.15,3.469866724,5.33E-08
2.16,3.46986669,5.41E-08
2.17,3.469866655,5.48E-08
2.18,3.469866621,5.56E-08
2.19,3.469866586,5.64E-08
2.2,3.469866551,5.72E-08
2.21,3.469866516,0.000000058
2.22,3.46986648,5.88E-08
2.23,3.469866445,5.97E-08
2.24,3.469866409,6.05E-08
2.25,3.469866373,6.14E-08
2.26,3.469866337,6.22E-08
2.27,3.469866301,6.31E-08
2.28,3.469866265,6.39E-08
2.29,3.469866228,6.48E-08
2.3,3.469866191,6.57E-08
2.31,3.469866154,6.66E-08
2.32,3.469866117,6.75E-08
2.33,3.46986608,6.84E-08
2.34,3.469866042,6.93E-08
2.35,3.469866005,7.02E-08
2.36,3.469865967,7.12E-08
2.37,3.469865929,7.21E-08
2.38,3.469865891,7.31E-08
2.39,3.469865852,0.000000074
2.4,3.469865814,0.000000075
2.41,3.469865775,0.000000076
2.42,3.469865736,0.000000077
2.43,3.469865697,0.000000078
2.44,3.469865658,0.000000079
2.45,3.469865618,0.00000008
2.46,3.469865579,0.000000081
2.47,3.469865539,0.000000082
2.48,3.469865499,8.31E-08
2.49,3.469865458,8.41E-08
2.5,3.469865418,8.52E-08
2.51,3.469865378,8.63E-08
2.52,3.469865337,8.74E-08
2.53,3.469865296,8.84E-08
2.54,3.469865255,8.95E-08
2.55,3.469865213,9.07E-08
2.56,3.469865172,9.18E-08
2.57,3.46986513,9.29E-08
2.58,3.469865088,0.000000094
2.59,3.469865046,9.52E-08
2.6,3.469865004,9.64E-08
2.61,3.469864962,9.75E-08
2.62,3.469864919,9.87E-08
2.63,3.469864876,9.99E-08
2.64,3.469864833,1.011E-07
2.65,3.46986479,1.023E-07
2.66,3.469864747,1.035E-07
2.67,3.469864703,1.048E-07
2.68,3.46986466,0.000000106
2.69,3.469864616,1.072E-07
2.7,3.469864572,1.085E-07
2.71,3.469864527,1.098E-07
2.72,3.469864483,1.111E-07
2.73,3.469864438,1.124E-07
2.74,3.469864393,1.137E-07
2.75,3.469864348,0.000000115
2.76,3.469864303,1.163E-07
2.77,3.469864258,1.176E-07
2.78,3.469864212,0.000000119
2.79,3.469864166,1.204E-07
2.8,3.46986412,1.217E-07
2.81,3.469864074,1.231E-07
2.82,3.469864028,1.245E-07
2.83,3.469863981,1.259E-07
2.84,3.469863934,1.273E-07
2.85,3.469863887,1.287E-07
2.86,3.46986384,1.302E-07
2.87,3.469863793,1.316E-07
2.88,3.469863745,1.331E-07
2.89,3.469863697,1.346E-07
2.9,3.469863649,1.361E-07
2.91,3.469863601,1.376E-07
2.92,3.469863553,1.391E-07
2.93,3.469863504,1.406E-07
2.94,3.469863456,1.421E-07
2.95,3.469863407,1.437E-07
2.96,3.469863357,1.452E-07
2.97,3.469863308,1.468E-07
2.98,3.469863259,1.484E-07
2.99,3.469863209,0.00000015
3,3.469863159,1.516E-07
3.01,3.469863109,1.532E-07
3.02,3.469863058,1.548E-07
3.03,3.469863008,1.565E-07
3.04,3.469862957,1.581E-07
3.05,3.469862906,1.598E-07
3.06,3.469862855,1.615E-07
3.07,3.469862804,1.632E-07
3.08,3.469862752,1.649E-07
3.09,3.4698627,1.666E-07
3.1,3.469862649,1.683E-07
3.11,3.469862596,1.701E-07
3.12,3.469862544,1.719E-07
3.13,3.469862491,1.736E-07
3.14,3.469862439,1.754E-07
3.15,3.469862386,1.772E-07
3.16,3.469862333,0.000000179
3.17,3.469862279,1.809E-07
3.18,3.469862226,1.827E-07
3.19,3.469862172,1.846E-07
3.2,3.469862118,1.864E-07
3.21,3.469862064,1.883E-07
3.22,3.469862009,1.902E-07
3.23,3.469861954,1.921E-07
3.24,3.4698619,1.941E-07
3.25,3.469861845,0.000000196
3.26,3.469861789,0.000000198
3.27,3.469861734,1.999E-07
3.28,3.469861678,2.019E-07
3.29,3.469861622,2.039E-07
3.3,3.469861566,2.059E-07
3.31,3.46986151,2.079E-07
3.32,3.469861453,0.00000021
3.33,3.469861397,0.000000212
3.34,3.46986134,2.141E-07
3.35,3.469861283,2.162E-07
3.36,3.469861225,2.183E-07
3.37,3.469861168,2.204E-07
3.38,3.46986111,2.226E-07
3.39,3.469861052,2.247E-07
3.4,3.469860993,2.269E-07
3.41,3.469860935,0.000000229
3.42,3.469860876,2.312E-07
3.43,3.469860817,2.334E-07
3.44,3.469860758,2.357E-07
3.45,3.469860699,2.379E-07
3.46,3.469860639,2.402E-07
3.47,3.46986058,2.424E-07
3.48,3.46986052,2.447E-07
3.49,3.46986046,0.000000247
3.5,3.469860399,2.494E-07
3.51,3.469860338,2.517E-07
3.52,3.469860278,2.541E-07
3.53,3.469860216,2.564E-07
3.54,3.469860155,2.588E-07
3.55,3.469860094,2.612E-07
3.56,3.469860032,2.636E-07
3.57,3.46985997,2.661E-07
3.58,3.469859908,2.685E-07
3.59,3.469859845,0.000000271
3.6,3.469859783,2.735E-07
3.61,3.46985972,0.000000276
3.62,3.469859657,2.785E-07
3.63,3.469859593,2.811E-07
3.64,3.46985953,2.836E-07
3.65,3.469859466,2.862E-07
3.66,3.469859402,2.888E-07
3.67,3.469859338,2.914E-07
3.68,3.469859273,2.941E-07
3.69,3.469859208,2.967E-07
3.7,3.469859143,2.994E-07
3.71,3.469859078,3.021E-07
3.72,3.469859013,3.048E-07
3.73,3.469858947,3.075E-07
3.74,3.469858881,3.102E-07
3.75,3.469858815,0.000000313
3.76,3.469858749,3.158E-07
3.77,3.469858682,3.186E-07
3.78,3.469858615,3.214E-07
3.79,3.469858548,3.242E-07
3.8,3.469858481,3.271E-07
3.81,3.469858414,3.299E-07
3.82,3.469858346,3.328E-07
3.83,3.469858278,3.357E-07
3.84,3.46985821,3.387E-07
3.85,3.469858141,3.416E-07
3.86,3.469858072,3.446E-07
3.87,3.469858003,3.476E-07
3.88,3.469857934,3.506E-07
3.89,3.469857865,3.536E-07
3.9,3.469857795,3.567E-07
3.91,3.469857725,3.597E-07
3.92,3.469857655,3.628E-07
3.93,3.469857585,3.659E-07
3.94,3.469857514,3.691E-07
3.95,3.469857443,3.722E-07
3.96,3.469857372,3.754E-07
3.97,3.4698573,3.786E-07
3.98,3.469857229,3.818E-07
3.99,3.469857157,3.851E-07
4,3.469857085,3.883E-07
4.01,3.469857012,3.916E-07
4.02,3.46985694,3.949E-07
4.03,3.469856867,3.982E-07
4.04,3.469856794,4.016E-07
4.05,3.46985672,4.049E-07
4.06,3.469856647,4.083E-07
4.07,3.469856573,4.117E-07
4.08,3.469856498,4.152E-07
4.09,3.469856424,4.186E-07
4.1,3.469856349,4.221E-07
4.11,3.469856274,4.256E-07
4.12,3.469856199,4.291E-07
4.13,3.469856124,4.327E-07
4.14,3.469856048,4.362E-07
4.15,3.469855972,4.398E-07
4.16,3.469855896,4.434E-07
4.17,3.469855819,4.471E-07
4.18,3.469855743,4.508E-07
4.19,3.469855666,4.544E-07
4.2,3.469855588,4.582E-07
4.21,3.469855511,4.619E-07
4.22,3.469855433,4.656E-07
4.23,3.469855355,4.694E-07
4.24,3.469855277,4.732E-07
4.25,3.469855198,4.771E-07
4.26,3.469855119,4.809E-07
4.27,3.46985504,4.848E-07
4.28,3.469854961,4.887E-07
4.29,3.469854881,4.926E-07
4.3,3.469854801,4.966E-07
4.31,3.469854721,5.006E-07
4.32,3.46985464,5.046E-07
4.33,3.46985456,5.086E-07
4.34,3.469854479,5.127E-07
4.35,3.469854397,5.168E-07
4.36,3.469854316,5.209E-07
4.37,3.469854234,0.000000525
4.38,3.469854152,5.292E-07
4.39,3.469854069,5.334E-07
4.4,3.469853987,5.376E-07
4.41,3.469853904,5.418E-07
4.42,3.469853821,5.461E-07
4.43,3.469853737,5.504E-07
4.44,3.469853653,5.547E-07
4.45,3.469853569,5.591E-07
4.46,3.469853485,5.635E-07
4.47,3.4698534,5.679E-07
4.48,3.469853315,5.723E-07
4.49,3.46985323,5.768E-07
4.5,3.469853145,5.812E-07
4.51,3.469853059,5.858E-07
4.52,3.469852973,5.903E-07
4.53,3.469852886,5.949E-07
4.54,3.4698528,5.995E-07
4.55,3.469852713,6.041E-07
4.56,3.469852625,6.088E-07
4.57,3.469852538,6.135E-07
4.58,3.46985245,6.182E-07
4.59,3.469852362,0.000000623
4.6,3.469852274,6.277E-07
4.61,3.469852185,6.326E-07
4.62,3.469852096,6.374E-07
4.63,3.469852007,6.423E-07
4.64,3.469851917,6.472E-07
4.65,3.469851827,6.521E-07
4.66,3.469851737,6.571E-07
4.67,3.469851646,6.621E-07
4.68,3.469851556,6.671E-07
4.69,3.469851464,6.722E-07
4.7,3.469851373,6.773E-07
4.71,3.469851281,6.824E-07
4.72,3.469851189,6.875E-07
4.73,3.469851097,6.927E-07
4.74,3.469851004,6.979E-07
4.75,3.469850911,7.032E-07
4.76,3.469850818,7.085E-07
4.77,3.469850724,7.138E-07
4.78,3.469850631,7.191E-07
4.79,3.469850536,7.245E-07
4.8,3.469850442,7.299E-07
4.81,3.469850347,7.354E-07
4.82,3.469850252,7.409E-07
4.83,3.469850156,7.464E-07
4.84,3.469850061,0.000000752
4.85,3.469849964,7.576E-07
4.86,3.469849868,7.632E-07
4.87,3.469849771,7.688E-07
4.88,3.469849674,7.745E-07
4.89,3.469849577,7.803E-07
4.9,3.469849479,0.000000786
4.91,3.469849381,7.918E-07
4.92,3.469849283,7.977E-07
4.93,3.469849184,8.035E-07
4.94,3.469849085,8.094E-07
4.95,3.469848986,8.154E-07
4.96,3.469848886,8.214E-07
4.97,3.469848786,8.274E-07
4.98,3.469848685,8.335E-07
4.99,3.469848585,8.396E-07
5,3.469848484,8.457E-07
5.01,3.469848382,8.519E-07
5.02,3.469848281,8.581E-07
5.03,3.469848178,8.643E-07
5.04,3.469848076,8.706E-07
5.05,3.469847973,8.769E-07
5.06,3.46984787,8.833E-07
5.07,3.469847767,8.897E-07
5.08,3.469847663,8.962E-07
5.09,3.469847559,9.026E-07
5.1,3.469847454,9.092E-07
5.11,3.469847349,9.157E-07
5.12,3.469847244,9.223E-07
5.13,3.469847139,0.000000929
5.14,3.469847033,9.357E-07
5.15,3.469846927,9.424E-07
5.16,3.46984682,9.492E-07
5.17,3.469846713,0.000000956
5.18,3.469846606,9.629E-07
5.19,3.469846498,9.698E-07
5.2,3.46984639,9.767E-07
5.21,3.469846282,9.837E-07
5.22,3.469846173,9.907E-07
5.23,3.469846064,9.978E-07
5.24,3.469845954,1.0049E-06
5.25,3.469845844,1.0121E-06
5.26,3.469845734,1.0193E-06
5.27,3.469845623,1.0265E-06
5.28,3.469845512,1.0338E-06
5.29,3.469845401,1.0412E-06
5.3,3.469845289,1.0486E-06
5.31,3.469845177,0.000001056
5.32,3.469845064,1.0635E-06
5.33,3.469844952,0.000001071
5.34,3.469844838,1.0786E-06
5.35,3.469844725,1.0862E-06
5.36,3.469844611,1.0939E-06
5.37,3.469844496,1.1016E-06
5.38,3.469844381,1.1093E-06
5.39,3.469844266,1.1172E-06
5.4,3.46984415,0.000001125
5.41,3.469844034,1.1329E-06
5.42,3.469843918,1.1409E-06
5.43,3.469843801,1.1489E-06
5.44,3.469843684,0.000001157
5.45,3.469843566,1.1651E-06
5.46,3.469843448,1.1732E-06
5.47,3.46984333,1.1815E-06
5.48,3.469843211,1.1897E-06
5.49,3.469843092,0.000001198
5.5,3.469842972,1.2064E-06
5.51,3.469842852,1.2148E-06
5.52,3.469842732,1.2233E-06
5.53,3.469842611,1.2318E-06
5.54,3.46984249,1.2404E-06
5.55,3.469842368,1.2491E-06
5.56,3.469842246,1.2577E-06
5.57,3.469842123,1.2665E-06
5.58,3.469842,1.2753E-06
5.59,3.469841877,1.2841E-06
5.6,3.469841753,1.2931E-06
5.61,3.469841629,0.000001302
5.62,3.469841504,0.000001311
5.63,3.469841379,1.3201E-06
5.64,3.469841254,1.3293E-06
5.65,3.469841128,1.3385E-06
5.66,3.469841001,1.3477E-06
5.67,3.469840874,0.000001357
5.68,3.469840747,1.3664E-06
5.69,3.469840619,1.3758E-06
5.7,3.469840491,1.3853E-06
5.71,3.469840362,1.3949E-06
5.72,3.469840233,1.4045E-06
5.73,3.469840104,1.4142E-06
5.74,3.469839974,1.4239E-06
5.75,3.469839843,1.4337E-06
5.76,3.469839712,1.4436E-06
5.77,3.469839581,1.4535E-06
5.78,3.469839449,1.4635E-06
5.79,3.469839317,1.4735E-06
5.8,3.469839184,1.4836E-06
5.81,3.469839051,1.4938E-06
5.82,3.469838917,1.5041E-06
5.83,3.469838783,1.5144E-06
5.84,3.469838648,1.5247E-06
5.85,3.469838513,1.5352E-06
5.86,3.469838378,1.5457E-06
5.87,3.469838242,1.5563E-06
5.88,3.469838105,1.5669E-06
5.89,3.469837968,1.5776E-06
5.9,3.46983783,1.5884E-06
5.91,3.469837692,1.5993E-06
5.92,3.469837554,1.6102E-06
5.93,3.469837415,1.6212E-06
5.94,3.469837275,1.6323E-06
5.95,3.469837135,1.6434E-06
5.96,3.469836995,1.6546E-06
5.97,3.469836854,1.6659E-06
5.98,3.469836712,1.6773E-06
5.99,3.46983657,1.6887E-06
6,3.469836427,1.7002E-06
6.01,3.469836284,1.7118E-06
6.02,3.469836141,1.7234E-06
6.03,3.469835996,1.7352E-06
6.04,3.469835852,0.000001747
6.05,3.469835706,1.7589E-06
6.06,3.469835561,1.7708E-06
6.07,3.469835414,1.7829E-06
6.08,3.469835268,0.000001795
6.09,3.46983512,1.8072E-06
6.1,3.469834972,1.8195E-06
6.11,3.469834824,1.8318E-06
6.12,3.469834675,1.8443E-06
6.13,3.469834525,1.8568E-06
6.14,3.469834375,1.8694E-06
6.15,3.469834225,1.8821E-06
6.16,3.469834073,1.8949E-06
6.17,3.469833922,1.9078E-06
6.18,3.469833769,1.9207E-06
6.19,3.469833616,1.9338E-06
6.2,3.469833463,1.9469E-06
6.21,3.469833309,1.9601E-06
6.22,3.469833154,1.9734E-06
6.23,3.469832999,1.9868E-06
6.24,3.469832843,2.0003E-06
6.25,3.469832687,2.0138E-06
6.26,3.46983253,2.0275E-06
6.27,3.469832372,2.0413E-06
6.28,3.469832214,2.0551E-06
6.29,3.469832055,2.0691E-06
6.3,3.469831896,2.0831E-06
6.31,3.469831736,2.0972E-06
6.32,3.469831575,2.1115E-06
6.33,3.469831414,2.1258E-06
6.34,3.469831252,2.1402E-06
6.35,3.46983109,2.1547E-06
6.36,3.469830926,2.1694E-06
6.37,3.469830763,2.1841E-06
6.38,3.469830598,2.1989E-06
6.39,3.469830433,2.2138E-06
6.4,3.469830268,2.2289E-06
6.41,3.469830101,0.000002244
6.42,3.469829934,2.2592E-06
6.43,3.469829767,2.2746E-06
6.44,3.469829598,0.00000229
6.45,3.46982943,2.3056E-06
6.46,3.46982926,2.3213E-06
6.47,3.46982909,0.000002337
6.48,3.469828919,2.3529E-06
6.49,3.469828747,2.3689E-06
6.5,3.469828575,0.000002385
6.51,3.469828402,2.4013E-06
6.52,3.469828228,2.4176E-06
6.53,3.469828054,2.4341E-06
6.54,3.469827878,2.4506E-06
6.55,3.469827703,2.4673E-06
6.56,3.469827526,2.4841E-06
6.57,3.469827349,2.5011E-06
6.58,3.469827171,2.5181E-06
6.59,3.469826992,2.5353E-06
6.6,3.469826813,2.5526E-06
6.61,3.469826633,0.00000257
6.62,3.469826452,2.5876E-06
6.63,3.46982627,2.6052E-06
6.64,3.469826088,0.000002623
6.65,3.469825904,0.000002641
6.66,3.469825721,0.000002659
6.67,3.469825536,2.6772E-06
6.68,3.46982535,2.6956E-06
6.69,3.469825164,0.000002714
6.7,3.469824977,2.7326E-06
6.71,3.469824789,2.7514E-06
6.72,3.469824601,2.7702E-06
6.73,3.469824411,2.7893E-06
6.74,3.469824221,2.8084E-06
6.75,3.46982403,2.8277E-06
6.76,3.469823838,2.8472E-06
6.77,3.469823645,2.8667E-06
6.78,3.469823452,2.8865E-06
6.79,3.469823257,2.9064E-06
6.8,3.469823062,2.9264E-06
6.81,3.469822866,2.9466E-06
6.82,3.469822669,2.9669E-06
6.83,3.469822471,2.9874E-06
6.84,3.469822273,3.0081E-06
6.85,3.469822073,3.0289E-06
6.86,3.469821873,3.0499E-06
6.87,3.469821671,0.000003071
6.88,3.469821469,3.0923E-06
6.89,3.469821266,3.1138E-06
6.9,3.469821062,3.1354E-06
6.91,3.469820857,3.1572E-06
6.92,3.469820651,3.1791E-06
6.93,3.469820444,3.2013E-06
6.94,3.469820237,3.2236E-06
6.95,3.469820028,3.2461E-06
6.96,3.469819818,3.2688E-06
6.97,3.469819608,3.2916E-06
6.98,3.469819396,3.3146E-06
6.99,3.469819183,3.3379E-06
7,3.46981897,3.3613E-06
7.01,3.469818755,3.3849E-06
7.02,3.469818539,3.4086E-06
7.03,3.469818323,3.4326E-06
7.04,3.469818105,3.4568E-06
7.05,3.469817886,3.4812E-06
7.06,3.469817667,3.5057E-06
7.07,3.469817446,3.5305E-06
7.08,3.469817224,3.5555E-06
7.09,3.469817001,3.5807E-06
7.1,3.469816777,3.6061E-06
7.11,3.469816552,3.6317E-06
7.12,3.469816326,3.6575E-06
7.13,3.469816098,3.6835E-06
7.14,3.46981587,3.7098E-06
7.15,3.46981564,3.7363E-06
7.16,3.469815409,0.000003763
7.17,3.469815177,3.7899E-06
7.18,3.469814944,3.8171E-06
7.19,3.46981471,3.8445E-06
7.2,3.469814474,3.8722E-06
7.21,3.469814238,3.9001E-06
7.22,3.469814,3.9282E-06
7.23,3.46981376,3.9566E-06
7.24,3.46981352,3.9852E-06
7.25,3.469813278,4.0141E-06
7.26,3.469813035,4.0432E-06
7.27,3.469812791,4.0726E-06
7.28,3.469812545,4.1023E-06
7.29,3.469812299,4.1323E-06
7.3,3.46981205,4.1625E-06
7.31,3.469811801,0.000004193
7.32,3.46981155,4.2237E-06
7.33,3.469811298,4.2548E-06
7.34,3.469811044,4.2862E-06
7.35,3.469810789,4.3178E-06
7.36,3.469810532,4.3497E-06
7.37,3.469810275,0.000004382
7.38,3.469810015,4.4145E-06
7.39,3.469809754,4.4474E-06
7.4,3.469809492,4.4806E-06
7.41,3.469809228,4.5141E-06
7.42,3.469808963,4.5479E-06
7.43,3.469808696,0.000004582
7.44,3.469808427,4.6165E-06
7.45,3.469808157,4.6513E-06
7.46,3.469807886,4.6865E-06
7.47,3.469807612,4.7221E-06
7.48,3.469807337,4.7579E-06
7.49,3.469807061,4.7942E-06
7.5,3.469806783,4.8308E-06
7.51,3.469806503,4.8678E-06
7.52,3.469806221,4.9052E-06
7.53,3.469805937,0.000004943
7.54,3.469805652,4.9812E-06
7.55,3.469805365,5.0197E-06
7.56,3.469805076,5.0587E-06
7.57,3.469804786,5.0981E-06
7.58,3.469804493,5.1379E-06
7.59,3.469804199,5.1782E-06
7.6,3.469803902,5.2189E-06
7.61,3.469803604,5.2601E-06
7.62,3.469803304,5.3017E-06
7.63,3.469803001,5.3438E-06
7.64,3.469802697,5.3863E-06
7.65,3.46980239,5.4294E-06
7.66,3.469802082,5.4729E-06
7.67,3.469801771,5.5169E-06
7.68,3.469801458,5.5615E-06
7.69,3.469801143,5.6066E-06
7.7,3.469800826,5.6522E-06
7.71,3.469800506,5.6983E-06
7.72,3.469800184,5.7451E-06
7.73,3.46979986,5.7924E-06
7.74,3.469799533,5.8402E-06
7.75,3.469799204,5.8887E-06
7.76,3.469798873,5.9378E-06
7.77,3.469798539,5.9875E-06
7.78,3.469798202,6.0378E-06
7.79,3.469797863,6.0888E-06
7.8,3.469797521,6.1405E-06
7.81,3.469797177,6.1928E-06
7.82,3.469796829,6.2458E-06
7.83,3.469796479,6.2996E-06
7.84,3.469796126,0.000006354
7.85,3.469795771,6.4093E-06
7.86,3.469795412,6.4652E-06
7.87,3.46979505,0.000006522
7.88,3.469794685,6.5796E-06
7.89,3.469794318,0.000006638
7.9,3.469793946,6.6973E-06
7.91,3.469793572,6.7574E-06
7.92,3.469793195,6.8184E-06
7.93,3.469792814,6.8804E-06
7.94,3.469792429,6.9433E-06
7.95,3.469792041,7.0071E-06
7.96,3.46979165,0.000007072
7.97,3.469791254,7.1379E-06
7.98,3.469790855,7.2048E-06
7.99,3.469790453,7.2729E-06
8,3.469790046,0.000007342
8.01,3.469789635,7.4123E-06
8.02,3.46978922,7.4838E-06
8.03,3.469788802,7.5566E-06
8.04,3.469788378,7.6306E-06
8.05,3.469787951,7.7059E-06
8.06,3.469787518,7.7825E-06
8.07,3.469787082,7.8606E-06
8.08,3.46978664,0.00000794
8.09,3.469786194,0.000008021
8.1,3.469785743,8.1035E-06
8.11,3.469785286,8.1877E-06
8.12,3.469784825,8.2734E-06
8.13,3.469784358,8.3609E-06
8.14,3.469783886,8.4502E-06
8.15,3.469783408,8.5413E-06
8.16,3.469782924,8.6343E-06
8.17,3.469782434,8.7293E-06
8.18,3.469781938,8.8263E-06
8.19,3.469781436,8.9255E-06
8.2,3.469780927,0.000009027
8.21,3.469780412,9.1307E-06
8.22,3.46977989,9.2369E-06
8.23,3.46977936,9.3456E-06
8.24,3.469778824,9.4569E-06
8.25,3.46977828,0.000009571
8.26,3.469777728,9.6879E-06
8.27,3.469777168,9.8078E-06
8.28,3.4697766,9.9309E-06
8.29,3.469776023,1.00572E-05
8.3,3.469775438,0.000010187
8.31,3.469774843,1.03204E-05
8.32,3.469774239,1.04575E-05
8.33,3.469773625,1.05986E-05
8.34,3.469773001,1.07439E-05
8.35,3.469772367,1.08935E-05
8.36,3.469771722,1.10478E-05
8.37,3.469771065,1.12069E-05
8.38,3.469770397,1.13711E-05
8.39,3.469769716,1.15408E-05
8.4,3.469769024,1.17161E-05
8.41,3.469768318,1.18975E-05
8.42,3.469767598,1.20853E-05
8.43,3.469766864,1.22798E-05
8.44,3.469766116,1.24815E-05
8.45,3.469765352,1.26909E-05
8.46,3.469764572,1.29083E-05
8.47,3.469763775,1.31344E-05
8.48,3.469762961,1.33696E-05
8.49,3.469762128,1.36146E-05
8.5,3.469761277,1.38701E-05
8.51,3.469760405,1.41368E-05
8.52,3.469759513,1.44154E-05
8.53,3.469758599,1.47068E-05
8.54,3.469757662,0.000015012
8.55,3.469756701,1.53321E-05
8.56,3.469755715,0.000015668
8.57,3.469754702,1.60211E-05
8.58,3.469753661,1.63928E-05
8.59,3.469752591,1.67845E-05
8.6,3.469751491,1.71979E-05
8.61,3.469750358,1.76348E-05
8.62,3.46974919,1.80973E-05
8.63,3.469747987,1.85877E-05
8.64,3.469746745,1.91084E-05
8.65,3.469745464,1.96623E-05
8.66,3.46974414,2.02525E-05
8.67,3.469742771,2.08825E-05
8.68,3.469741355,2.15563E-05
8.69,3.469739889,2.22782E-05
8.7,3.469738371,2.30533E-05
8.71,3.469736796,2.38873E-05
8.72,3.469735162,2.47864E-05
8.73,3.469733467,2.57579E-05
8.74,3.469731705,2.68101E-05
8.75,3.469729875,2.79524E-05
8.76,3.469727972,2.91954E-05
8.77,3.469725994,3.05515E-05
8.78,3.469723936,3.20348E-05
8.79,3.469721796,3.36616E-05
8.8,3.469719572,3.54505E-05
8.81,3.469717262,3.74231E-05
8.82,3.469714865,3.96045E-05
8.83,3.469712384,4.20235E-05
8.84,3.469709821,4.47136E-05
8.85,3.469707185,4.77133E-05
8.86,3.469704487,5.10673E-05
8.87,3.469701746,5.48267E-05
8.88,3.46969899,5.90497E-05
8.89,3.46969626,6.38024E-05
8.9,3.469693611,6.91576E-05
8.91,3.469691123,7.51945E-05
8.92,3.469688901,8.19953E-05
8.93,3.469687089,8.96397E-05
8.94,3.469685876,9.81953E-05
8.95,3.4696855,0.000107702
8.96,3.469686263,0.000118151
8.97,3.469688517,0.000129449
8.98,3.469692654,0.000141384
8.99,3.469699065,0.000153582
9,3.469708063,0.000165478
9.01,3.469719795,0.000176327
9.02,3.469734123,0.000185263
9.03,3.469750559,0.000191437
9.04,3.469768265,0.000194194
9.05,3.469786168,0.000193243
9.06,3.469803164,0.000188736
9.07,3.469818326,0.000181223
9.08,3.469831054,0.000171504
9.09,3.469841103,0.000160444
9.1,3.469848532,0.000148825
9.11,3.469853604,0.000137264
9.12,3.469856681,0.000126189
9.13,3.469858148,0.000115862
9.14,3.469858363,0.000106413
9.15,3.469857637,9.78777E-05
9.16,3.469856223,9.02372E-05
9.17,3.469854322,8.34364E-05
9.18,3.46985209,7.74037E-05
9.19,3.469849643,0.000072062
9.2,3.469847069,0.000067335
9.21,3.469844432,0.000063151
9.22,3.469841777,5.94445E-05
9.23,3.469839138,5.61571E-05
9.24,3.469836537,5.32372E-05
9.25,3.469833989,5.06394E-05
9.26,3.469831505,4.83246E-05
9.27,3.469829091,4.62583E-05
9.28,3.469826749,4.44111E-05
9.29,3.469824481,4.27572E-05
9.3,3.469822286,4.12744E-05
9.31,3.469820163,3.99432E-05
9.32,3.469818109,3.87471E-05
9.33,3.469816123,3.76713E-05
9.34,3.469814202,3.67031E-05
9.35,3.469812341,3.58314E-05
9.36,3.46981054,3.50464E-05
9.37,3.469808793,3.43396E-05
9.38,3.469807099,3.37035E-05
9.39,3.469805454,3.31314E-05
9.4,3.469803856,3.26175E-05
9.41,3.469802302,3.21566E-05
9.42,3.46980079,3.17441E-05
9.43,3.469799316,0.000031376
9.44,3.46979788,3.10485E-05
9.45,3.469796478,3.07585E-05
9.46,3.469795109,3.05031E-05
9.47,3.469793771,3.02796E-05
9.48,3.469792462,3.00857E-05
9.49,3.46979118,2.99193E-05
9.5,3.469789924,2.97786E-05
9.51,3.469788692,2.96618E-05
9.52,3.469787483,2.95674E-05
9.53,3.469786295,2.94941E-05
9.54,3.469785128,2.94406E-05
9.55,3.46978398,2.94057E-05
9.56,3.46978285,2.93884E-05
9.57,3.469781737,2.93878E-05
9.58,3.46978064,2.94031E-05
9.59,3.469779558,2.94335E-05
9.6,3.46977849,2.94782E-05
9.61,3.469777435,2.95368E-05
9.62,3.469776394,2.96085E-05
9.63,3.469775364,2.96928E-05
9.64,3.469774345,2.97894E-05
9.65,3.469773337,2.98978E-05
9.66,3.469772339,3.00175E-05
9.67,3.469771351,3.01482E-05
9.68,3.469770371,3.02897E-05
9.69,3.469769399,3.04415E-05
9.7,3.469768435,3.06035E-05
9.71,3.469767479,3.07755E-05
9.72,3.46976653,3.09572E-05
9.73,3.469765587,3.11484E-05
9.74,3.46976465,0.000031349
9.75,3.469763718,3.15588E-05
9.76,3.469762792,3.17778E-05
9.77,3.469761871,3.20057E-05
9.78,3.469760955,3.22425E-05
9.79,3.469760043,3.24882E-05
9.8,3.469759135,3.27426E-05
9.81,3.469758231,3.30058E-05
9.82,3.46975733,3.32776E-05
9.83,3.469756433,3.35581E-05
9.84,3.469755538,3.38472E-05
9.85,3.469754647,0.000034145
9.86,3.469753757,3.44514E-05
9.87,3.469752871,3.47665E-05
9.88,3.469751986,3.50903E-05
9.89,3.469751103,3.54228E-05
9.9,3.469750222,3.57641E-05
9.91,3.469749343,3.61143E-05
9.92,3.469748465,3.64733E-05
9.93,3.469747588,3.68413E-05
9.94,3.469746713,3.72184E-05
9.95,3.469745839,3.76045E-05
9.96,3.469744965,0.000038
9.97,3.469744092,3.84047E-05
9.98,3.46974322,3.88189E-05
9.99,3.469742349,3.92426E-05
10,3.469741478,0.000039676
10.01,3.469740607,4.01193E-05
10.02,3.469739737,4.05724E-05
10.03,3.469738867,4.10357E-05
10.04,3.469737997,4.15092E-05
10.05,3.469737128,4.19931E-05
10.06,3.469736258,4.24876E-05
10.07,3.469735389,4.29928E-05
10.08,3.469734519,4.35089E-05
10.09,3.46973365,4.40361E-05
10.1,3.46973278,4.45745E-05
10.11,3.469731911,4.51245E-05
10.12,3.469731041,4.56861E-05
10.13,3.469730172,4.62596E-05
10.14,3.469729303,4.68453E-05
10.15,3.469728433,4.74432E-05
10.16,3.469727564,4.80537E-05
10.17,3.469726695,0.000048677
10.18,3.469725826,4.93133E-05
10.19,3.469724958,4.99629E-05
10.2,3.469724089,0.000050626
10.21,3.469723222,5.13029E-05
10.22,3.469722354,5.19938E-05
10.23,3.469721488,5.26991E-05
10.24,3.469720622,0.000053419
10.25,3.469719757,5.41537E-05
10.26,3.469718893,5.49037E-05
10.27,3.469718031,5.56691E-05
10.28,3.46971717,5.64502E-05
10.29,3.46971631,5.72475E-05
10.3,3.469715452,5.80611E-05
10.31,3.469714596,5.88914E-05
10.32,3.469713743,5.97388E-05
10.33,3.469712892,6.06035E-05
10.34,3.469712044,6.14858E-05
10.35,3.469711199,6.23862E-05
10.36,3.469710357,6.33049E-05
10.37,3.469709519,6.42423E-05
10.38,3.469708685,6.51988E-05
10.39,3.469707855,6.61746E-05
10.4,3.469707031,6.71701E-05
10.41,3.469706211,6.81856E-05
10.42,3.469705397,6.92216E-05
10.43,3.469704589,7.02784E-05
10.44,3.469703788,7.13562E-05
10.45,3.469702994,7.24556E-05
10.46,3.469702207,7.35767E-05
10.47,3.469701429,7.47199E-05
10.48,3.469700659,7.58856E-05
10.49,3.469699899,7.70741E-05
10.5,3.469699149,7.82857E-05
10.51,3.46969841,7.95207E-05
10.52,3.469697682,8.07795E-05
10.53,3.469696966,8.20623E-05
10.54,3.469696264,8.33693E-05
10.55,3.469695575,0.000084701
10.56,3.469694901,8.60574E-05
10.57,3.469694242,8.74389E-05
10.58,3.4696936,8.88456E-05
10.59,3.469692975,9.02777E-05
10.6,3.469692368,9.17354E-05
10.61,3.469691781,9.32188E-05
10.62,3.469691215,0.000094728
10.63,3.46969067,0.000096263
10.64,3.469690148,0.000097824
10.65,3.46968965,9.94108E-05
10.66,3.469689177,0.000101023
10.67,3.469688731,0.000102662
10.68,3.469688312,0.000104326
10.69,3.469687923,0.000106015
10.7,3.469687564,0.000107729
10.71,3.469687237,0.000109468
10.72,3.469686944,0.000111232
10.73,3.469686685,0.000113019
10.74,3.469686462,0.00011483
10.75,3.469686278,0.000116663
10.76,3.469686133,0.000118519
10.77,3.469686029,0.000120396
10.78,3.469685967,0.000122293
10.79,3.46968595,0.000124209
10.8,3.469685978,0.000126144
10.81,3.469686054,0.000128096
10.82,3.469686179,0.000130064
10.83,3.469686354,0.000132046
10.84,3.469686581,0.000134041
10.85,3.469686862,0.000136048
10.86,3.469687198,0.000138064
10.87,3.46968759,0.000140088
10.88,3.469688041,0.000142117
10.89,3.469688551,0.00014415
10.9,3.469689121,0.000146185
10.91,3.469689753,0.000148218
10.92,3.469690448,0.000150248
10.93,3.469691206,0.000152272
10.94,3.46969203,0.000154287
10.95,3.469692919,0.00015629
10.96,3.469693873,0.000158279
10.97,3.469694895,0.00016025
10.98,3.469695983,0.0001622
10.99,3.469697138,0.000164126
11,3.46969836,0.000166025
11.01,3.469699649,0.000167893
11.02,3.469701003,0.000169727
11.03,3.469702424,0.000171524
11.04,3.469703909,0.00017328
11.05,3.469705458,0.000174991
11.06,3.469707069,0.000176654
11.07,3.469708741,0.000178266
11.08,3.469710472,0.000179823
11.09,3.46971226,0.000181323
11.1,3.469714102,0.000182761
11.11,3.469715998,0.000184134
11.12,3.469717942,0.00018544
11.13,3.469719934,0.000186675
11.14,3.46972197,0.000187838
11.15,3.469724045,0.000188924
11.16,3.469726158,0.000189933
11.17,3.469728304,0.000190861
11.18,3.46973048,0.000191708
11.19,3.469732681,0.00019247
11.2,3.469734904,0.000193147
11.21,3.469737144,0.000193737
11.22,3.469739397,0.00019424
11.23,3.469741659,0.000194655
11.24,3.469743926,0.000194981
11.25,3.469746192,0.000195218
11.26,3.469748455,0.000195367
11.27,3.469750709,0.000195428
11.28,3.46975295,0.000195401
11.29,3.469755174,0.000195287
11.3,3.469757377,0.000195089
11.31,3.469759555,0.000194807
11.32,3.469761704,0.000194442
11.33,3.469763821,0.000193997
11.34,3.469765901,0.000193474
11.35,3.469767942,0.000192876
11.36,3.46976994,0.000192204
11.37,3.469771893,0.000191461
11.38,3.469773796,0.000190651
11.39,3.469775649,0.000189776
11.4,3.469777448,0.000188838
11.41,3.469779191,0.000187842
11.42,3.469780877,0.00018679
11.43,3.469782503,0.000185686
11.44,3.469784068,0.000184532
11.45,3.469785571,0.000183333
11.46,3.469787011,0.00018209
11.47,3.469788386,0.000180808
11.48,3.469789697,0.00017949
11.49,3.469790942,0.000178139
11.5,3.469792121,0.000176758
11.51,3.469793235,0.000175351
11.52,3.469794282,0.000173919
11.53,3.469795264,0.000172467
11.54,3.46979618,0.000170996
11.55,3.469797032,0.000169511
11.56,3.469797818,0.000168013
11.57,3.469798541,0.000166505
11.58,3.469799201,0.000164989
11.59,3.469799799,0.000163468
11.6,3.469800335,0.000161945
11.61,3.469800811,0.00016042
11.62,3.469801228,0.000158897
11.63,3.469801587,0.000157377
11.64,3.469801889,0.000155863
11.65,3.469802136,0.000154355
11.66,3.469802328,0.000152855
11.67,3.469802467,0.000151365
11.68,3.469802554,0.000149887
11.69,3.469802591,0.000148421
11.7,3.469802578,0.000146969
11.71,3.469802518,0.000145532
11.72,3.469802411,0.000144112
11.73,3.46980226,0.000142708
11.74,3.469802064,0.000141322
11.75,3.469801826,0.000139955
11.76,3.469801546,0.000138607
11.77,3.469801227,0.000137279
11.78,3.469800869,0.000135973
11.79,3.469800473,0.000134687
11.8,3.469800041,0.000133423
11.81,3.469799574,0.000132182
11.82,3.469799073,0.000130963
11.83,3.469798539,0.000129766
11.84,3.469797973,0.000128593
11.85,3.469797376,0.000127444
11.86,3.46979675,0.000126318
11.87,3.469796095,0.000125216
11.88,3.469795412,0.000124138
11.89,3.469794703,0.000123084
11.9,3.469793967,0.000122054
11.91,3.469793207,0.000121049
11.92,3.469792422,0.000120068
11.93,3.469791614,0.00011911
11.94,3.469790783,0.000118178
11.95,3.46978993,0.000117269
11.96,3.469789056,0.000116385
11.97,3.469788162,0.000115525
11.98,3.469787247,0.000114689
11.99,3.469786314,0.000113877
12,3.469785362,0.000113089
12.01,3.469784392,0.000112324
12.02,3.469783404,0.000111584
12.03,3.4697824,0.000110867
12.04,3.469781378,0.000110174
12.05,3.469780341,0.000109504
12.06,3.469779289,0.000108858
12.07,3.469778221,0.000108234
12.08,3.469777139,0.000107634
12.09,3.469776042,0.000107057
12.1,3.469774932,0.000106503
12.11,3.469773807,0.000105972
12.12,3.46977267,0.000105463
12.13,3.46977152,0.000104978
12.14,3.469770356,0.000104514
12.15,3.469769181,0.000104074
12.16,3.469767994,0.000103655
12.17,3.469766794,0.000103259
12.18,3.469765583,0.000102885
12.19,3.469764361,0.000102534
12.2,3.469763127,0.000102205
12.21,3.469761882,0.000101898
12.22,3.469760627,0.000101613
12.23,3.469759361,0.00010135
12.24,3.469758084,0.000101109
12.25,3.469756797,0.000100891
12.26,3.4697555,0.000100694
12.27,3.469754192,0.00010052
12.28,3.469752875,0.000100368
12.29,3.469751547,0.000100238
12.3,3.46975021,0.000100131
12.31,3.469748864,0.000100046
12.32,3.469747507,0.000099984
12.33,3.469746141,9.99443E-05
12.34,3.469744766,9.99274E-05
12.35,3.469743381,9.99335E-05
12.36,3.469741987,9.99626E-05
12.37,3.469740584,0.000100015
12.38,3.469739172,0.000100091
12.39,3.46973775,0.00010019
12.4,3.469736319,0.000100314
12.41,3.46973488,0.000100461
12.42,3.469733431,0.000100633
12.43,3.469731974,0.000100829
12.44,3.469730507,0.000101051
12.45,3.469729032,0.000101297
12.46,3.469727549,0.00010157
12.47,3.469726056,0.000101868
12.48,3.469724555,0.000102193
12.49,3.469723046,0.000102544
12.5,3.469721528,0.000102923
12.51,3.469720001,0.000103329
12.52,3.469718467,0.000103763
12.53,3.469716924,0.000104227
12.54,3.469715374,0.000104719
12.55,3.469713815,0.000105241
12.56,3.469712249,0.000105793
12.57,3.469710675,0.000106377
12.58,3.469709094,0.000106991
12.59,3.469707506,0.000107639
12.6,3.469705911,0.000108319
12.61,3.469704309,0.000109033
12.62,3.469702701,0.000109781
12.63,3.469701086,0.000110564
12.64,3.469699466,0.000111384
12.65,3.46969784,0.000112241
12.66,3.46969621,0.000113135
12.67,3.469694575,0.000114069
12.68,3.469692935,0.000115042
12.69,3.469691292,0.000116056
12.7,3.469689646,0.000117112
12.71,3.469687998,0.000118211
12.72,3.469686348,0.000119353
12.73,3.469684696,0.000120542
12.74,3.469683045,0.000121776
12.75,3.469681395,0.000123058
12.76,3.469679746,0.000124389
12.77,3.469678099,0.00012577
12.78,3.469676457,0.000127203
12.79,3.46967482,0.000128689
12.8,3.469673188,0.000130228
12.81,3.469671565,0.000131824
12.82,3.469669951,0.000133476
12.83,3.469668348,0.000135188
12.84,3.469666758,0.000136959
12.85,3.469665182,0.000138791
12.86,3.469663624,0.000140687
12.87,3.469662084,0.000142647
12.88,3.469660565,0.000144673
12.89,3.469659071,0.000146766
12.9,3.469657603,0.000148929
12.91,3.469656165,0.000151161
12.92,3.46965476,0.000153465
12.93,3.469653391,0.000155841
12.94,3.469652061,0.000158291
12.95,3.469650776,0.000160817
12.96,3.469649537,0.000163418
12.97,3.469648351,0.000166095
12.98,3.469647221,0.000168851
12.99,3.469646152,0.000171683
13,3.46964515,0.000174594
13.01,3.469644219,0.000177583
13.02,3.469643365,0.000180649
13.03,3.469642595,0.000183793
13.04,3.469641913,0.000187012
13.05,3.469641327,0.000190306
13.06,3.469640843,0.000193672
13.07,3.469640467,0.00019711
13.08,3.469640207,0.000200614
13.09,3.46964007,0.000204183
13.1,3.469640062,0.000207812
13.11,3.469640192,0.000211496
13.12,3.469640465,0.000215231
13.13,3.469640891,0.00021901
13.14,3.469641474,0.000222825
13.15,3.469642224,0.000226671
13.16,3.469643145,0.000230537
13.17,3.469644245,0.000234414
13.18,3.469645528,0.000238293
13.19,3.469647001,0.000242162
13.2,3.469648668,0.000246009
13.21,3.469650532,0.000249822
13.22,3.469652597,0.000253587
13.23,3.469654863,0.00025729
13.24,3.469657332,0.000260916
13.25,3.469660003,0.000264449
13.26,3.469662874,0.000267875
13.27,3.46966594,0.000271178
13.28,3.469669198,0.000274341
13.29,3.469672641,0.000277348
13.3,3.46967626,0.000280185
13.31,3.469680046,0.000282835
13.32,3.469683987,0.000285285
13.33,3.469688069,0.000287521
13.34,3.46969228,0.00028953
13.35,3.469696602,0.000291302
13.36,3.469701019,0.000292826
13.37,3.469705513,0.000294094
13.38,3.469710065,0.0002951
13.39,3.469714656,0.000295839
13.4,3.469719264,0.000296309
13.41,3.469723871,0.000296509
13.42,3.469728457,0.00029644
13.43,3.469733,0.000296105
13.44,3.469737483,0.00029551
13.45,3.469741887,0.00029466
13.46,3.469746193,0.000293565
13.47,3.469750386,0.000292234
13.48,3.469754451,0.000290679
13.49,3.469758373,0.000288913
13.5,3.46976214,0.000286947
13.51,3.469765741,0.000284798
13.52,3.469769167,0.000282478
13.53,3.46977241,0.000280005
13.54,3.469775464,0.000277392
13.55,3.469778324,0.000274656
13.56,3.469780988,0.000271811
13.57,3.469783452,0.000268873
13.58,3.469785717,0.000265855
13.59,3.469787782,0.000262772
13.6,3.46978965,0.000259638
13.61,3.469791324,0.000256465
13.62,3.469792805,0.000253266
13.63,3.4697941,0.000250051
13.64,3.469795212,0.000246831
13.65,3.469796146,0.000243616
13.66,3.469796909,0.000240414
13.67,3.469797506,0.000237234
13.68,3.469797944,0.000234084
13.69,3.469798229,0.000230969
13.7,3.469798368,0.000227896
13.71,3.469798366,0.00022487
13.72,3.469798232,0.000221896
13.73,3.469797972,0.000218977
13.74,3.469797591,0.000216117
13.75,3.469797096,0.000213319
13.76,3.469796494,0.000210585
13.77,3.469795789,0.000207917
13.78,3.46979499,0.000205318
13.79,3.469794099,0.000202787
13.8,3.469793124,0.000200326
13.81,3.469792069,0.000197936
13.82,3.469790939,0.000195616
13.83,3.469789739,0.000193367
13.84,3.469788473,0.000191189
13.85,3.469787146,0.000189081
13.86,3.469785761,0.000187043
13.87,3.469784322,0.000185075
13.88,3.469782833,0.000183175
13.89,3.469781297,0.000181343
13.9,3.469779717,0.000179577
13.91,3.469778096,0.000177877
13.92,3.469776438,0.000176242
13.93,3.469774744,0.000174671
13.94,3.469773017,0.000173162
13.95,3.469771259,0.000171714
13.96,3.469769473,0.000170326
13.97,3.46976766,0.000168998
13.98,3.469765823,0.000167727
13.99,3.469763962,0.000166512
14,3.46976208,0.000165353
14.01,3.469760178,0.000164247
14.02,3.469758258,0.000163195
14.03,3.46975632,0.000162194
14.04,3.469754366,0.000161244
14.05,3.469752398,0.000160344
14.06,3.469750415,0.000159492
14.07,3.469748419,0.000158687
14.08,3.469746411,0.000157928
14.09,3.469744391,0.000157215
14.1,3.469742361,0.000156546
14.11,3.469740321,0.000155921
14.12,3.469738271,0.000155338
14.13,3.469736213,0.000154796
14.14,3.469734146,0.000154295
14.15,3.469732071,0.000153834
14.16,3.469729988,0.000153412
14.17,3.469727899,0.000153029
14.18,3.469725802,0.000152683
14.19,3.469723699,0.000152373
14.2,3.46972159,0.0001521
14.21,3.469719475,0.000151862
14.22,3.469717354,0.00015166
14.23,3.469715228,0.000151491
14.24,3.469713096,0.000151356
14.25,3.469710958,0.000151254
14.26,3.469708816,0.000151185
14.27,3.469706668,0.000151148
14.28,3.469704516,0.000151142
14.29,3.469702358,0.000151168
14.3,3.469700195,0.000151225
14.31,3.469698028,0.000151311
14.32,3.469695856,0.000151428
14.33,3.469693679,0.000151575
14.34,3.469691497,0.000151751
14.35,3.46968931,0.000151955
14.36,3.469687118,0.000152189
14.37,3.469684921,0.000152451
14.38,3.469682719,0.000152741
14.39,3.469680512,0.000153059
14.4,3.4696783,0.000153405
14.41,3.469676082,0.000153778
14.42,3.46967386,0.000154179
14.43,3.469671632,0.000154607
14.44,3.469669398,0.000155062
14.45,3.469667159,0.000155544
14.46,3.469664914,0.000156053
14.47,3.469662664,0.000156588
14.48,3.469660407,0.00015715
14.49,3.469658145,0.000157739
14.5,3.469655877,0.000158355
14.51,3.469653602,0.000158997
14.52,3.469651321,0.000159665
14.53,3.469649034,0.000160361
14.54,3.46964674,0.000161082
14.55,3.469644439,0.000161831
14.56,3.469642132,0.000162606
14.57,3.469639817,0.000163408
14.58,3.469637496,0.000164236
14.59,3.469635168,0.000165092
14.6,3.469632832,0.000165975
14.61,3.469630489,0.000166884
14.62,3.469628138,0.000167822
14.63,3.469625779,0.000168786
14.64,3.469623413,0.000169778
14.65,3.469621039,0.000170798
14.66,3.469618657,0.000171846
14.67,3.469616267,0.000172922
14.68,3.469613868,0.000174027
14.69,3.469611461,0.00017516
14.7,3.469609045,0.000176322
14.71,3.469606621,0.000177513
14.72,3.469604189,0.000178734
14.73,3.469601747,0.000179984
14.74,3.469599296,0.000181265
14.75,3.469596837,0.000182575
14.76,3.469594368,0.000183917
14.77,3.46959189,0.000185289
14.78,3.469589402,0.000186693
14.79,3.469586905,0.000188129
14.8,3.469584399,0.000189597
14.81,3.469581883,0.000191098
14.82,3.469579357,0.000192631
14.83,3.469576822,0.000194198
14.84,3.469574277,0.000195799
14.85,3.469571721,0.000197435
14.86,3.469569156,0.000199105
14.87,3.469566581,0.00020081
14.88,3.469563996,0.000202552
14.89,3.469561401,0.00020433
14.9,3.469558796,0.000206145
14.91,3.46955618,0.000207997
14.92,3.469553555,0.000209888
14.93,3.469550919,0.000211817
14.94,3.469548273,0.000213786
14.95,3.469545617,0.000215795
14.96,3.469542951,0.000217844
14.97,3.469540275,0.000219935
14.98,3.469537588,0.000222068
14.99,3.469534892,0.000224244
15,3.469532186,0.000226463
15.01,3.46952947,0.000228726
15.02,3.469526744,0.000231035
15.03,3.469524009,0.000233389
15.04,3.469521264,0.00023579
15.05,3.469518509,0.000238238
15.06,3.469515745,0.000240735
15.07,3.469512973,0.000243281
15.08,3.469510191,0.000245877
15.09,3.4695074,0.000248524
15.1,3.469504601,0.000251223
15.11,3.469501794,0.000253976
15.12,3.469498979,0.000256782
15.13,3.469496156,0.000259643
15.14,3.469493325,0.00026256
15.15,3.469490488,0.000265534
15.16,3.469487644,0.000268567
15.17,3.469484793,0.000271658
15.18,3.469481936,0.00027481
15.19,3.469479074,0.000278024
15.2,3.469476207,0.000281301
15.21,3.469473336,0.000284641
15.22,3.46947046,0.000288047
15.23,3.469467581,0.00029152
15.24,3.469464699,0.00029506
15.25,3.469461814,0.000298669
15.26,3.469458929,0.000302349
15.27,3.469456042,0.000306101
15.28,3.469453156,0.000309926
15.29,3.46945027,0.000313826
15.3,3.469447386,0.000317802
15.31,3.469444504,0.000321855
15.32,3.469441626,0.000325988
15.33,3.469438752,0.000330201
15.34,3.469435884,0.000334497
15.35,3.469433023,0.000338876
15.36,3.46943017,0.000343341
15.37,3.469427326,0.000347893
15.38,3.469424492,0.000352534
15.39,3.46942167,0.000357265
15.4,3.469418862,0.000362088
15.41,3.469416069,0.000367005
15.42,3.469413292,0.000372018
15.43,3.469410534,0.000377127
15.44,3.469407795,0.000382336
15.45,3.469405079,0.000387646
15.46,3.469402386,0.000393058
15.47,3.46939972,0.000398575
15.48,3.469397082,0.000404198
15.49,3.469394474,0.00040993
15.5,3.469391899,0.000415771
15.51,3.46938936,0.000421724
15.52,3.469386859,0.00042779
15.53,3.469384398,0.000433972
15.54,3.469381981,0.000440271
15.55,3.469379611,0.000446689
15.56,3.469377291,0.000453228
15.57,3.469375023,0.000459889
15.58,3.469372812,0.000466674
15.59,3.469370661,0.000473585
15.6,3.469368574,0.000480624
15.61,3.469366555,0.000487792
15.62,3.469364607,0.00049509
15.63,3.469362735,0.000502521
15.64,3.469360944,0.000510085
15.65,3.469359237,0.000517784
15.66,3.46935762,0.000525619
15.67,3.469356097,0.00053359
15.68,3.469354673,0.000541701
15.69,3.469353355,0.00054995
15.7,3.469352146,0.000558339
15.71,3.469351054,0.000566869
15.72,3.469350083,0.000575539
15.73,3.46934924,0.000584351
15.74,3.469348531,0.000593304
15.75,3.469347962,0.000602398
15.76,3.46934754,0.000611634
15.77,3.469347272,0.000621009
15.78,3.469347165,0.000630525
15.79,3.469347225,0.000640179
15.8,3.469347461,0.00064997
15.81,3.46934788,0.000659897
15.82,3.469348489,0.000669958
15.83,3.469349297,0.00068015
15.84,3.469350311,0.000690471
15.85,3.46935154,0.000700918
15.86,3.469352991,0.000711487
15.87,3.469354674,0.000722174
15.88,3.469356596,0.000732976
15.89,3.469358766,0.000743886
15.9,3.469361193,0.000754901
15.91,3.469363885,0.000766015
15.92,3.469366851,0.00077722
15.93,3.4693701,0.000788511
15.94,3.469373639,0.000799879
15.95,3.469377479,0.000811318
15.96,3.469381626,0.000822818
15.97,3.469386089,0.00083437
15.98,3.469390875,0.000845964
15.99,3.469395994,0.000857591
16,3.469401451,0.000869239
16.01,3.469407255,0.000880896
16.02,3.469413412,0.00089255
16.03,3.469419927,0.000904189
16.04,3.469426808,0.000915798
16.05,3.469434059,0.000927364
16.06,3.469441685,0.000938872
16.07,3.46944969,0.000950307
16.08,3.469458077,0.000961653
16.09,3.469466849,0.000972892
16.1,3.469476008,0.00098401
16.11,3.469485555,0.000994988
16.12,3.469495489,0.001005809
16.13,3.46950581,0.001016454
16.14,3.469516516,0.001026906
16.15,3.469527603,0.001037146
16.16,3.469539069,0.001047155
16.17,3.469550907,0.001056914
16.18,3.469563112,0.001066406
16.19,3.469575675,0.00107561
16.2,3.469588589,0.00108451
16.21,3.469601843,0.001093085
16.22,3.469615427,0.00110132
16.23,3.469629327,0.001109195
16.24,3.469643532,0.001116695
16.25,3.469658026,0.001123802
16.26,3.469672795,0.001130502
16.27,3.46968782,0.001136779
16.28,3.469703085,0.00114262
16.29,3.46971857,0.001148011
16.3,3.469734258,0.001152941
16.31,3.469750126,0.001157398
16.32,3.469766154,0.001161374
16.33,3.469782321,0.00116486
16.34,3.469798604,0.001167849
16.35,3.46981498,0.001170335
16.36,3.469831427,0.001172314
16.37,3.46984792,0.001173783
16.38,3.469864438,0.00117474
16.39,3.469880955,0.001175186
16.4,3.469897449,0.001175122
16.41,3.469913897,0.00117455
16.42,3.469930275,0.001173475
16.43,3.469946562,0.001171902
16.44,3.469962734,0.001169839
16.45,3.469978772,0.001167293
16.46,3.469994653,0.001164273
16.47,3.470010358,0.00116079
16.48,3.470025867,0.001156856
16.49,3.470041163,0.001152483
16.5,3.470056228,0.001147684
16.51,3.470071046,0.001142474
16.52,3.470085601,0.001136868
16.53,3.470099879,0.001130881
16.54,3.470113867,0.00112453
16.55,3.470127553,0.001117831
16.56,3.470140927,0.001110802
16.57,3.470153978,0.001103459
16.58,3.470166697,0.001095821
16.59,3.470179079,0.001087905
16.6,3.470191115,0.001079729
16.61,3.470202801,0.001071311
16.62,3.470214133,0.001062668
16.63,3.470225107,0.001053818
16.64,3.470235721,0.001044779
16.65,3.470245974,0.001035567
16.66,3.470255866,0.001026199
16.67,3.470265396,0.001016692
16.68,3.470274566,0.001007061
16.69,3.470283377,0.000997322
16.7,3.470291834,0.00098749
16.71,3.470299939,0.000977579
16.72,3.470307695,0.000967604
16.73,3.470315107,0.000957578
16.74,3.470322181,0.000947514
16.75,3.470328922,0.000937424
16.76,3.470335335,0.00092732
16.77,3.470341426,0.000917213
16.78,3.470347203,0.000907114
16.79,3.470352671,0.000897033
16.8,3.470357839,0.000886979
16.81,3.470362712,0.000876961
16.82,3.470367299,0.000866988
16.83,3.470371607,0.000857067
16.84,3.470375643,0.000847205
16.85,3.470379415,0.000837411
16.86,3.47038293,0.000827689
16.87,3.470386198,0.000818045
16.88,3.470389224,0.000808486
16.89,3.470392017,0.000799015
16.9,3.470394584,0.000789638
16.91,3.470396933,0.000780358
16.92,3.470399072,0.00077118
16.93,3.470401007,0.000762106
16.94,3.470402746,0.00075314
16.95,3.470404296,0.000744283
16.96,3.470405664,0.00073554
16.97,3.470406858,0.00072691
16.98,3.470407882,0.000718397
16.99,3.470408745,0.000710002
17,3.470409453,0.000701726
17.01,3.470410012,0.00069357
17.02,3.470410427,0.000685534
17.03,3.470410706,0.00067762
17.04,3.470410853,0.000669828
17.05,3.470410875,0.000662158
17.06,3.470410776,0.000654609
17.07,3.470410563,0.000647183
17.08,3.47041024,0.000639878
17.09,3.470409812,0.000632694
17.1,3.470409284,0.000625631
17.11,3.470408661,0.000618688
17.12,3.470407947,0.000611864
17.13,3.470407147,0.000605159
17.14,3.470406264,0.000598571
17.15,3.470405302,0.000592101
17.16,3.470404267,0.000585745
17.17,3.470403161,0.000579505
17.18,3.470401987,0.000573377
17.19,3.470400751,0.000567362
17.2,3.470399454,0.000561458
17.21,3.4703981,0.000555663
17.22,3.470396692,0.000549976
17.23,3.470395233,0.000544397
17.24,3.470393727,0.000538923
17.25,3.470392175,0.000533553
17.26,3.470390581,0.000528285
17.27,3.470388946,0.000523119
17.28,3.470387274,0.000518053
17.29,3.470385567,0.000513085
17.3,3.470383826,0.000508214
17.31,3.470382055,0.000503439
17.32,3.470380255,0.000498757
17.33,3.470378428,0.000494168
17.34,3.470376577,0.00048967
17.35,3.470374702,0.000485262
17.36,3.470372806,0.000480942
17.37,3.47037089,0.000476709
17.38,3.470368956,0.000472561
17.39,3.470367005,0.000468497
17.4,3.47036504,0.000464516
17.41,3.470363061,0.000460616
17.42,3.470361069,0.000456796
17.43,3.470359067,0.000453054
17.44,3.470357054,0.00044939
17.45,3.470355033,0.000445801
17.46,3.470353005,0.000442287
17.47,3.47035097,0.000438846
17.48,3.470348929,0.000435477
17.49,3.470346885,0.000432179
17.5,3.470344836,0.000428951
17.51,3.470342786,0.000425791
17.52,3.470340733,0.000422698
17.53,3.47033868,0.000419671
17.54,3.470336626,0.000416709
17.55,3.470334573,0.00041381
17.56,3.470332522,0.000410974
17.57,3.470330472,0.0004082
17.58,3.470328425,0.000405486
17.59,3.470326382,0.000402832
17.6,3.470324342,0.000400236
17.61,3.470322307,0.000397697
17.62,3.470320277,0.000395214
17.63,3.470318252,0.000392787
17.64,3.470316234,0.000390415
17.65,3.470314222,0.000388096
17.66,3.470312217,0.000385829
17.67,3.470310219,0.000383614
17.68,3.470308229,0.000381449
17.69,3.470306248,0.000379335
17.7,3.470304274,0.00037727
17.71,3.47030231,0.000375252
17.72,3.470300355,0.000373282
17.73,3.47029841,0.000371359
17.74,3.470296475,0.000369481
17.75,3.47029455,0.000367648
17.76,3.470292635,0.00036586
17.77,3.470290731,0.000364115
17.78,3.470288838,0.000362412
17.79,3.470286957,0.000360752
17.8,3.470285086,0.000359132
17.81,3.470283228,0.000357554
17.82,3.470281382,0.000356015
17.83,3.470279547,0.000354516
17.84,3.470277725,0.000353055
17.85,3.470275916,0.000351632
17.86,3.470274119,0.000350247
17.87,3.470272335,0.000348898
17.88,3.470270564,0.000347585
17.89,3.470268807,0.000346308
17.9,3.470267063,0.000345066
17.91,3.470265332,0.000343858
17.92,3.470263615,0.000342684
17.93,3.470261911,0.000341543
17.94,3.470260222,0.000340435
17.95,3.470258546,0.000339359
17.96,3.470256885,0.000338314
17.97,3.470255238,0.000337301
17.98,3.470253605,0.000336319
17.99,3.470251987,0.000335367
18,3.470250383,0.000334444
18.01,3.470248794,0.00033355
18.02,3.470247219,0.000332686
18.03,3.47024566,0.000331849
18.04,3.470244115,0.000331041
18.05,3.470242585,0.000330259
18.06,3.470241071,0.000329505
18.07,3.470239571,0.000328777
18.08,3.470238087,0.000328076
18.09,3.470236618,0.0003274
18.1,3.470235164,0.000326749
18.11,3.470233726,0.000326123
18.12,3.470232303,0.000325522
18.13,3.470230895,0.000324944
18.14,3.470229504,0.000324391
18.15,3.470228127,0.00032386
18.16,3.470226767,0.000323353
18.17,3.470225422,0.000322868
18.18,3.470224094,0.000322406
18.19,3.470222781,0.000321965
18.2,3.470221484,0.000321546
18.21,3.470220203,0.000321148
18.22,3.470218938,0.00032077
18.23,3.470217689,0.000320413
18.24,3.470216456,0.000320077
18.25,3.470215239,0.00031976
18.26,3.470214038,0.000319462
18.27,3.470212854,0.000319184
18.28,3.470211686,0.000318924
18.29,3.470210534,0.000318683
18.3,3.470209399,0.000318461
18.31,3.47020828,0.000318256
18.32,3.470207178,0.000318068
18.33,3.470206092,0.000317898
18.34,3.470205022,0.000317745
18.35,3.470203969,0.000317608
18.36,3.470202933,0.000317488
18.37,3.470201913,0.000317384
18.38,3.47020091,0.000317296
18.39,3.470199924,0.000317223
18.4,3.470198954,0.000317165
18.41,3.470198001,0.000317122
18.42,3.470197065,0.000317094
18.43,3.470196146,0.000317081
18.44,3.470195244,0.000317081
18.45,3.470194358,0.000317095
18.46,3.470193489,0.000317122
18.47,3.470192638,0.000317163
18.48,3.470191803,0.000317217
18.49,3.470190985,0.000317283
18.5,3.470190184,0.000317362
18.51,3.470189401,0.000317453
18.52,3.470188634,0.000317556
18.53,3.470187884,0.00031767
18.54,3.470187152,0.000317796
18.55,3.470186436,0.000317933
18.56,3.470185738,0.00031808
18.57,3.470185057,0.000318238
18.58,3.470184393,0.000318407
18.59,3.470183746,0.000318585
18.6,3.470183117,0.000318773
18.61,3.470182504,0.000318971
18.62,3.470181909,0.000319178
18.63,3.470181331,0.000319393
18.64,3.47018077,0.000319618
18.65,3.470180227,0.000319851
18.66,3.470179701,0.000320092
18.67,3.470179192,0.000320341
18.68,3.4701787,0.000320597
18.69,3.470178226,0.000320861
18.7,3.470177769,0.000321132
18.71,3.470177329,0.00032141
18.72,3.470176906,0.000321695
18.73,3.470176501,0.000321986
18.74,3.470176112,0.000322283
18.75,3.470175741,0.000322585
18.76,3.470175388,0.000322894
18.77,3.470175051,0.000323208
18.78,3.470174732,0.000323526
18.79,3.47017443,0.00032385
18.8,3.470174145,0.000324178
18.81,3.470173877,0.00032451
18.82,3.470173626,0.000324847
18.83,3.470173392,0.000325187
18.84,3.470173175,0.000325531
18.85,3.470172976,0.000325878
18.86,3.470172793,0.000326228
18.87,3.470172627,0.00032658
18.88,3.470172478,0.000326936
18.89,3.470172346,0.000327293
18.9,3.470172231,0.000327652
18.91,3.470172132,0.000328014
18.92,3.47017205,0.000328376
18.93,3.470171985,0.00032874
18.94,3.470171936,0.000329105
18.95,3.470171904,0.00032947
18.96,3.470171889,0.000329836
18.97,3.470171889,0.000330202
18.98,3.470171907,0.000330568
18.99,3.47017194,0.000330934
19,3.470171989,0.0003313
19.01,3.470172055,0.000331664
19.02,3.470172137,0.000332028
19.03,3.470172234,0.00033239
19.04,3.470172348,0.00033275
19.05,3.470172477,0.000333109
19.06,3.470172622,0.000333466
19.07,3.470172782,0.000333821
19.08,3.470172958,0.000334173
19.09,3.47017315,0.000334522
19.1,3.470173356,0.000334868
19.11,3.470173578,0.000335212
19.12,3.470173815,0.000335551
19.13,3.470174066,0.000335887
19.14,3.470174333,0.000336219
19.15,3.470174614,0.000336547
19.16,3.470174909,0.000336871
19.17,3.470175219,0.00033719
19.18,3.470175543,0.000337504
19.19,3.470175882,0.000337813
19.2,3.470176234,0.000338117
19.21,3.4701766,0.000338416
19.22,3.47017698,0.000338709
19.23,3.470177374,0.000338995
19.24,3.47017778,0.000339276
19.25,3.4701782,0.00033955
19.26,3.470178633,0.000339818
19.27,3.470179079,0.00034008
19.28,3.470179538,0.000340334
19.29,3.470180009,0.000340581
19.3,3.470180493,0.000340821
19.31,3.470180989,0.000341053
19.32,3.470181497,0.000341277
19.33,3.470182016,0.000341494
19.34,3.470182547,0.000341703
19.35,3.47018309,0.000341903
19.36,3.470183644,0.000342095
19.37,3.470184209,0.000342279
19.38,3.470184785,0.000342454
19.39,3.470185372,0.000342619
19.4,3.470185969,0.000342776
19.41,3.470186577,0.000342924
19.42,3.470187194,0.000343062
19.43,3.470187821,0.000343191
19.44,3.470188458,0.00034331
19.45,3.470189105,0.000343419
19.46,3.47018976,0.000343518
19.47,3.470190425,0.000343607
19.48,3.470191098,0.000343686
19.49,3.47019178,0.000343755
19.5,3.470192471,0.000343814
19.51,3.470193169,0.000343861
19.52,3.470193875,0.000343899
19.53,3.470194589,0.000343925
19.54,3.47019531,0.000343941
19.55,3.470196039,0.000343945
19.56,3.470196774,0.000343939
19.57,3.470197516,0.000343921
19.58,3.470198265,0.000343892
19.59,3.47019902,0.000343852
19.6,3.470199781,0.000343801
19.61,3.470200548,0.000343738
19.62,3.47020132,0.000343664
19.63,3.470202097,0.000343578
19.64,3.47020288,0.000343481
19.65,3.470203668,0.000343372
19.66,3.47020446,0.000343251
19.67,3.470205256,0.000343119
19.68,3.470206057,0.000342974
19.69,3.470206861,0.000342818
19.7,3.470207669,0.00034265
19.71,3.470208481,0.000342471
19.72,3.470209296,0.000342279
19.73,3.470210113,0.000342076
19.74,3.470210934,0.000341861
19.75,3.470211756,0.000341634
19.76,3.470212582,0.000341395
19.77,3.470213409,0.000341144
19.78,3.470214238,0.000340881
19.79,3.470215068,0.000340606
19.8,3.4702159,0.00034032
19.81,3.470216733,0.000340022
19.82,3.470217567,0.000339712
19.83,3.470218401,0.00033939
19.84,3.470219236,0.000339057
19.85,3.470220071,0.000338712
19.86,3.470220906,0.000338355
19.87,3.470221741,0.000337987
19.88,3.470222576,0.000337607
19.89,3.470223409,0.000337216
19.9,3.470224242,0.000336814
19.91,3.470225074,0.0003364
19.92,3.470225905,0.000335975
19.93,3.470226734,0.000335538
19.94,3.470227562,0.000335091
19.95,3.470228388,0.000334632
19.96,3.470229212,0.000334163
19.97,3.470230033,0.000333683
19.98,3.470230852,0.000333192
19.99,3.470231669,0.00033269
20,3.470232482,0.000332178
