x_launches_per_year,time_years,cost_millionUSD,emissions_MtCO2
9950,49.273220,20343684.296679,795.816149
9900,49.455984,20343684.296679,794.754080
9850,49.640109,20343684.296679,793.684103
9800,49.825610,20343684.296679,792.606129
9750,50.012503,19632643.331845,791.520068
9700,50.200803,19632643.331845,790.425828
9650,50.390527,19632643.331845,789.323318
9600,50.581689,19632643.331845,788.212443
9550,50.774308,19632643.331845,787.093107
9500,50.968400,19632643.331845,785.965214
9450,51.163981,18966847.265253,784.828665
9400,51.361068,18966847.265253,783.683359
9350,51.559680,18966847.265253,782.529196
9300,51.759834,18966847.265253,781.366071
9250,51.961548,18966847.265253,780.193882
9200,52.164841,18351058.142609,779.012520
9150,52.369730,18351058.142609,777.821877
9100,52.576236,18351058.142609,776.621845
9050,52.784376,18351058.142609,775.412312
9000,52.994171,18351058.142609,774.193164
8950,53.205640,17775607.747373,772.964286
8900,53.418803,17775607.747373,771.725561
8850,53.633682,17775607.747373,770.476870
8800,53.850296,17775607.747373,769.218094
8750,54.068667,17237312.896573,767.949108
8700,54.288817,17237312.896573,766.669788
8650,54.510766,17237312.896573,765.380008
8600,54.734537,17237312.896573,764.079639
8550,54.960154,17237312.896573,762.768549
8500,55.187638,16740069.928535,761.446606
8450,55.417013,16740069.928535,760.113674
8400,55.648303,16740069.928535,758.769616
8350,55.881531,16740069.928535,757.414292
8300,56.116723,16274457.987560,756.047559
8250,56.353903,16274457.987560,754.669273
8200,56.593096,16274457.987560,753.279287
8150,56.834328,16274457.987560,751.877451
8100,57.077626,15840217.405831,750.463613
8050,57.323015,15840217.405831,749.037618
8000,57.570524,15840217.405831,747.599309
7950,57.820179,15840217.405831,746.148526
7900,58.072009,15437940.906051,744.685105
7850,58.326043,15437940.906051,743.208880
7800,58.582308,15437940.906051,741.719684
7750,58.840836,15437940.906051,740.217343
7700,59.101655,15061291.525234,738.701684
7650,59.364797,15061291.525234,737.172529
7600,59.630292,15061291.525234,735.629696
7550,59.898173,15061291.525234,734.073001
7500,60.168472,14711093.096366,732.502256
7450,60.441221,14711093.096366,730.917271
7400,60.716454,14711093.096366,729.317851
7350,60.994206,14711093.096366,727.703797
7300,61.274510,14385726.443543,726.074908
7250,61.557402,14385726.443543,724.430979
7200,61.842919,14385726.443543,722.771800
7150,62.131097,14081118.735761,721.097158
7100,62.421973,14081118.735761,719.406835
7050,62.715585,14081118.735761,717.700611
7000,63.011972,13798784.440309,715.978261
6950,63.311174,13798784.440309,714.239554
6900,63.613232,13798784.440309,712.484256
6850,63.918185,13798784.440309,710.712128
6800,64.226076,13535692.830967,708.922929
6750,64.536947,13535692.830967,707.116409
6700,64.850843,13535692.830967,705.292315
6650,65.167807,13289413.433958,703.450391
6600,65.487885,13289413.433958,701.590373
6550,65.811122,13289413.433958,699.711994
6500,66.137566,13061866.928509,697.814980
6450,66.467265,13061866.928509,695.899053
6400,66.800267,13061866.928509,693.963928
6350,67.136623,12849190.551777,692.009315
6300,67.476383,12849190.551777,690.034919
6250,67.819600,12849190.551777,688.040437
6200,68.166326,12650406.225677,686.025562
6150,68.516615,12650406.225677,683.989979
6100,68.870523,12650406.225677,681.933368
6050,69.228107,12466800.949440,679.855400
6000,69.589422,12466800.949440,677.755741
5950,69.954530,12466800.949440,675.634050
5900,70.323488,12294930.197763,673.489979
5850,70.696359,12294930.197763,671.323171
5800,71.073205,12134783.331887,669.133262
5750,71.454091,12134783.331887,666.919882
5700,71.839080,12134783.331887,664.682651
5650,72.228241,11986435.188431,662.421181
5600,72.621641,11986435.188431,660.135076
5550,73.019350,11847584.913491,657.823932
5500,73.421439,11847584.913491,655.487335
5450,73.827981,11847584.913491,653.124862
5400,74.239050,11718614.951130,650.736080
5350,74.654722,11718614.951130,648.320549
5300,75.075075,11598793.478237,645.877815
5250,75.500189,11598793.478237,643.407418
5200,75.930144,11598793.478237,640.908884
5150,76.365025,11486657.627755,638.381730
5100,76.804916,11486657.627755,635.825461
5050,77.249903,11382837.543854,633.239571
5000,77.700078,11382837.543854,630.623543
4950,78.155530,11286091.505431,627.976846
4900,78.616352,11286091.505431,625.298939
4850,79.082641,11195562.989491,622.589265
4800,79.554495,11195562.989491,619.847255
4750,80.032013,11112024.856178,617.072329
4700,80.515298,11112024.856178,614.263889
4650,81.004455,11033939.897895,611.421324
4600,81.499593,11033939.897895,608.544010
4550,82.000820,10961024.491524,605.631304
4500,82.508251,10961024.491524,602.682550
4450,83.022001,10893696.327049,599.697073
4400,83.542189,10893696.327049,596.674185
4350,84.068937,10830698.430293,593.613178
4300,84.602369,10830698.430293,590.513325
4250,85.142614,10772060.834647,587.373883
4200,85.689803,10772060.834647,584.194087
4150,86.244071,10717756.651260,580.973157
4100,86.805556,10717756.651260,577.710286
4050,87.374399,10666952.746625,574.404653
4000,87.950748,10666952.746625,571.055409
3950,88.534750,10619821.375645,567.661687
3900,89.126560,10576041.675227,564.222594
3850,89.726335,10576041.675227,560.737214
3800,90.334237,10535090.403910,557.204607
3750,90.950432,10535090.403910,553.623806
3700,91.575092,10497228.281356,549.993819
3650,92.208391,10461950.493264,546.313624
3600,92.850511,10461950.493264,542.582173
3550,93.501636,10428957.425779,538.798387
3500,94.161959,10398559.550525,534.961158
3450,94.831674,10398559.550525,531.069346
3400,95.510984,10370147.417628,527.121777
3350,96.200096,10343646.867088,523.117244
3300,96.899225,10343646.867088,519.054506
3250,97.608590,10319190.456678,514.932284
3200,98.328417,10296320.582642,510.749263
3150,99.058940,10275061.956388,506.504086
3100,99.800399,10275061.956388,502.195359
3050,100.553042,10255384.131863,497.821644
3000,101.317123,10236986.447399,493.381459
2950,102.092905,10219944.901083,488.873277
2900,102.880658,10219944.901083,484.295525
2850,103.680664,10204121.975471,479.646579
2800,104.493208,10189331.492667,474.924765
2750,105.318589,10175680.879487,470.128357
2700,106.157113,10162966.334911,465.255573
2650,107.009096,10151084.055094,460.304575
2600,107.874865,10151084.055094,455.273463
2550,108.754758,10140158.637297,450.160277
2500,109.649123,10129949.334500,444.962993
2450,110.558320,10120440.865849,439.679519
2400,111.482720,10111674.082810,434.307692
2350,112.422709,10103482.888410,428.845278
2300,113.378685,10095881.914406,423.289966
2250,114.351058,10088852.257381,417.639365
2200,115.340254,10082285.873772,411.891003
2150,116.346713,10076215.813155,406.042321
2100,117.370892,10070584.190216,400.090669
2050,118.413262,10065325.202537,394.033304
2000,119.474313,10060482.990567,387.867384
1950,120.554551,10055975.808139,381.589964
1900,121.654501,10051769.979257,375.197993
1850,122.774708,10047910.000617,368.688306
1800,123.915737,10044306.607394,362.057621
1750,125.078174,10037873.704880,355.302533
1700,126.262626,10034996.229454,348.419508
1650,127.469726,10032332.367525,341.404876
1600,128.700129,10029872.307698,334.254826
1550,129.954516,10027577.435435,326.965400
1500,131.233596,10023501.938823,319.532480
1450,132.538105,10021674.259521,311.951789
1400,133.868809,10019997.050526,304.218876
1350,135.226504,10016985.935363,296.329108
1300,136.612022,10015656.996820,288.277664
1250,138.026225,10013270.487093,280.059524
1200,139.470014,10012216.337888,271.669456
1150,140.944327,10011234.439886,263.102008
1100,142.450142,10009493.997311,254.351496
1050,143.988481,10008717.095937,245.411987
1000,145.560408,10007344.665123,236.277293
950,147.167035,10006171.356595,226.940949
900,148.809524,10005651.825597,217.396205
850,150.489090,10004730.437869,207.636005
800,152.207002,10003945.291438,197.652968
750,153.964588,10003600.778834,187.439376
700,155.763240,10002987.327134,176.987150
650,157.604413,10002468.287906,166.287825
600,159.489633,10002030.933481,155.332536
550,161.420500,10001660.841561,144.111985
500,163.398693,10001348.442162,132.616422
450,165.425972,10001087.620915,120.835608
400,167.504188,10000868.794331,108.758794
350,169.635284,10000685.466172,96.374682
300,171.821306,10000532.985107,83.671392
250,174.064404,10000351.976483,70.636423
200,176.366843,10000257.920724,57.256614
150,178.731010,10000180.548430,43.518097
100,181.159420,10000090.696134,29.406250
50,183.654729,10000044.973689,14.905647
0,186.219739,10000000.000000,0.000000
