vehicle_id,truck_name,space_utilization,weight_utilization,fullness_score,actual_counts,loaded_weight_kg,loaded_volume_cm3,strategy
车型2_0121,车型2,0.830676,0.4183,0.715211,"{'G3': 189, 'G2': 86, 'G1': 55}",4183.0,34182500,std_first
车型2_0127,车型2,0.792372,0.3811,0.677216,"{'G4': 80, 'G1': 10, 'G5': 40, 'G3': 61, 'G2': 7}",3811.0,32606250,std_first
车型2_0133,车型2,0.779456,0.4769,0.69474,"{'G5': 56, 'G3': 35, 'G1': 125, 'G2': 117, 'G4': 32}",4769.0,32074750,std_first
车型2_0139,车型2,0.789741,0.4641,0.698562,"{'G5': 58, 'G3': 15, 'G4': 56, 'G1': 95, 'G2': 104}",4641.0,32498000,std_first
车型2_0145,车型2,0.807408,0.5064,0.723126,"{'G5': 68, 'G2': 156, 'G1': 116, 'G4': 48}",5064.0,33225000,std_first
车型2_0151,车型2,0.797791,0.4746,0.707297,"{'G5': 85, 'G4': 64, 'G1': 74, 'G2': 91}",4746.0,32829250,std_first
车型2_0157,车型2,0.818544,0.5254,0.736464,"{'G2': 195, 'G1': 148, 'G5': 51, 'G4': 40}",5254.0,33683250,std_first
车型2_0163,车型2,0.80502,0.478,0.713455,"{'G5': 68, 'G4': 64, 'G1': 85, 'G2': 117}",4780.0,33126750,std_first
车型2_0169,车型2,0.561947,0.3852,0.512458,"{'G5': 74, 'G4': 16, 'G1': 92, 'G2': 127}",3852.0,23124250,std_first
