wn（波数）,n（反射率）,k（消光系数）,alpha(吸收系数)
500,3.470232482,0.000332178,2.087135827
500.2501251,3.470231669,0.00033269,2.091398517
500.5005005,3.470230852,0.000333192,2.095602579
500.7511267,3.470230033,0.000333683,2.099741633
501.002004,3.470229212,0.000334163,2.10381558
501.2531328,3.470228388,0.000334632,2.107824324
501.5045135,3.470227562,0.000335091,2.111774067
501.7561465,3.470226734,0.000335538,2.115652111
502.0080321,3.470225905,0.000335975,2.119470964
502.2601708,3.470225074,0.0003364,2.123217915
502.5125628,3.470224242,0.000336814,2.126899168
502.7652086,3.470223409,0.000337216,2.130508309
503.0181087,3.470222576,0.000337607,2.134051548
503.2712632,3.470221741,0.000337987,2.137528786
503.5246727,3.470220906,0.000338355,2.140933596
503.7783375,3.470220071,0.000338712,2.144272199
504.0322581,3.470219236,0.000339057,2.147538162
504.2864347,3.470218401,0.00033939,2.150731374
504.5408678,3.470217567,0.000339712,2.153858065
504.7955578,3.470216733,0.000340022,2.156911792
505.0505051,3.4702159,0.00034032,2.159892444
505.30571,3.470215068,0.000340606,2.162799909
505.5611729,3.470214238,0.000340881,2.165640431
505.8168943,3.470213409,0.000341144,2.16840755
506.0728745,3.470212582,0.000341395,2.171101157
506.3291139,3.470211756,0.000341634,2.173721139
506.585613,3.470210934,0.000341861,2.176267383
506.842372,3.470210113,0.000342076,2.178739779
507.0993915,3.470209296,0.000342279,2.181138214
507.3566717,3.470208481,0.000342471,2.18346895
507.6142132,3.470207669,0.00034265,2.185719127
507.8720163,3.470206861,0.000342818,2.187901387
508.1300813,3.470206057,0.000342974,2.19000924
508.3884087,3.470205256,0.000343119,2.192048962
508.646999,3.47020446,0.000343251,2.194007665
508.9058524,3.470203668,0.000343372,2.195898015
509.1649695,3.47020288,0.000343481,2.19771351
509.4243505,3.470202097,0.000343578,2.199454036
509.6839959,3.47020132,0.000343664,2.201125882
509.9439062,3.470200548,0.000343738,2.202722535
510.2040816,3.470199781,0.000343801,2.204250292
510.4645227,3.47019902,0.000343852,2.205702633
510.7252298,3.470198265,0.000343892,2.207085859
510.9862034,3.470197516,0.000343921,2.208399865
511.2474438,3.470196774,0.000343939,2.209644546
511.5089514,3.470196039,0.000343945,2.210813366
511.7707267,3.47019531,0.000343941,2.211919071
512.0327701,3.470194589,0.000343925,2.212948695
512.295082,3.470193875,0.000343899,2.213914998
512.5576627,3.470193169,0.000343861,2.214805
512.8205128,3.470192471,0.000343814,2.215637915
513.0836326,3.47019178,0.000343755,2.216394315
513.3470226,3.470191098,0.000343686,2.217086981
513.6106831,3.470190425,0.000343607,2.217715817
513.8746146,3.47018976,0.000343518,2.218280724
514.1388175,3.470189105,0.000343419,2.218781604
514.4032922,3.470188458,0.00034331,2.219218356
514.6680391,3.470187821,0.000343191,2.219590884
514.9330587,3.470187194,0.000343062,2.219899086
515.1983514,3.470186577,0.000342924,2.220149338
515.4639175,3.470185969,0.000342776,2.220335074
515.7297576,3.470185372,0.000342619,2.220462673
515.995872,3.470184785,0.000342454,2.22053853
516.2622612,3.470184209,0.000342279,2.220549591
516.5289256,3.470183644,0.000342095,2.220502244
516.7958656,3.47018309,0.000341903,2.220402895
517.0630817,3.470182547,0.000341703,2.220251462
517.3305742,3.470182016,0.000341494,2.220041364
517.5983437,3.470181497,0.000341277,2.219779014
517.8663905,3.470180989,0.000341053,2.219470838
518.134715,3.470180493,0.000340821,2.219110254
518.4033178,3.470180009,0.000340581,2.21869718
518.6721992,3.470179538,0.000340334,2.218238054
518.9413596,3.470179079,0.00034008,2.217732802
519.2107996,3.470178633,0.000339818,2.217174829
519.4805195,3.4701782,0.00033955,2.216577108
519.7505198,3.47017778,0.000339276,2.215939578
520.0208008,3.470177374,0.000338995,2.215255641
520.2913632,3.47017698,0.000338709,2.214538302
520.5622072,3.4701766,0.000338416,2.213774425
520.8333333,3.470176234,0.000338117,2.212970482
521.1047421,3.470175882,0.000337813,2.212132959
521.3764338,3.470175543,0.000337504,2.211261804
521.648409,3.470175219,0.00033719,2.210356964
521.9206681,3.470174909,0.000336871,2.209418386
522.1932115,3.470174614,0.000336547,2.208446018
522.4660397,3.470174333,0.000336219,2.207446371
522.7391532,3.470174066,0.000335887,2.206419404
523.0125523,3.470173815,0.000335551,2.205365073
523.2862376,3.470173578,0.000335212,2.204289911
523.5602094,3.470173356,0.000334868,2.203180727
523.8344683,3.47017315,0.000334522,2.202057216
524.1090147,3.470172958,0.000334173,2.200912768
524.383849,3.470172782,0.000333821,2.199747352
524.6589717,3.470172622,0.000333466,2.198560933
524.9343832,3.470172477,0.000333109,2.197360076
525.210084,3.470172348,0.00033275,2.196144757
525.4860746,3.470172234,0.00033239,2.194921558
525.7623554,3.470172137,0.000332028,2.193683858
526.0389269,3.470172055,0.000331664,2.192431636
526.3157895,3.470171989,0.0003313,2.191178095
526.5929437,3.47017194,0.000330934,2.18991
526.8703899,3.470171907,0.000330568,2.188640568
527.1481286,3.470171889,0.000330202,2.187369798
527.4261603,3.470171889,0.000329836,2.186097687
527.7044855,3.470171904,0.00032947,2.184824234
527.9831045,3.470171936,0.000329105,2.183556071
528.262018,3.470171985,0.00032874,2.182286568
528.5412262,3.47017205,0.000328376,2.181022365
528.8207298,3.470172132,0.000328014,2.179770116
529.1005291,3.470172231,0.000327652,2.178516541
529.3806247,3.470172346,0.000327293,2.177281597
529.6610169,3.470172478,0.000326936,2.176058656
529.9417064,3.470172627,0.00032658,2.174841078
530.2226935,3.470172793,0.000326228,2.173648861
530.5039788,3.470172976,0.000325878,2.172468712
530.7855626,3.470173175,0.000325531,2.171307321
531.0674456,3.470173392,0.000325187,2.170164717
531.3496281,3.470173626,0.000324847,2.169047606
531.6321106,3.470173877,0.00032451,2.167949351
531.9148936,3.470174145,0.000324178,2.166883348
532.1979776,3.47017443,0.00032385,2.165842961
532.4813632,3.470174732,0.000323526,2.164828232
532.7650506,3.470175051,0.000323208,2.163852592
533.0490405,3.470175388,0.000322894,2.162902705
533.3333333,3.470175741,0.000322585,2.161985315
533.6179296,3.470176112,0.000322283,2.161113886
533.9028297,3.470176501,0.000321986,2.160275073
534.1880342,3.470176906,0.000321695,2.15947564
534.4735436,3.470177329,0.00032141,2.15871565
534.7593583,3.470177769,0.000321132,2.158001888
535.0454789,3.470178226,0.000320861,2.157334427
535.3319058,3.4701787,0.000320597,2.156713342
535.6186395,3.470179192,0.000320341,2.156145438
535.9056806,3.470179701,0.000320092,2.155624065
536.1930295,3.470180227,0.000319851,2.155156038
536.4806867,3.47018077,0.000319618,2.154741441
536.7686527,3.470181331,0.000319393,2.154380361
537.056928,3.470181909,0.000319178,2.154086382
537.3455132,3.470182504,0.000318971,2.153846107
537.6344086,3.470183117,0.000318773,2.153666379
537.9236148,3.470183746,0.000318585,2.153554054
538.2131324,3.470184393,0.000318407,2.153509243
538.5029618,3.470185057,0.000318238,2.153525286
538.7931034,3.470185738,0.00031808,2.153615824
539.083558,3.470186436,0.000317933,2.153780977
539.3743258,3.470187152,0.000317796,2.154014089
539.6654074,3.470187884,0.00031767,2.15432205
539.9568035,3.470188634,0.000317556,2.154711767
540.2485143,3.470189401,0.000317453,2.155176583
540.5405405,3.470190184,0.000317362,2.155723414
540.8328826,3.470190985,0.000317283,2.156352392
541.1255411,3.470191803,0.000317217,2.15707045
541.4185165,3.470192638,0.000317163,2.15787093
541.7118093,3.470193489,0.000317122,2.158760773
542.0054201,3.470194358,0.000317095,2.159746935
542.2993492,3.470195244,0.000317081,2.160822758
542.5935974,3.470196146,0.000317081,2.161995207
542.888165,3.470197065,0.000317094,2.163257616
543.1830527,3.470198001,0.000317122,2.164623784
543.4782609,3.470198954,0.000317165,2.166093881
543.7737901,3.470199924,0.000317223,2.167668075
544.0696409,3.47020091,0.000317296,2.169346537
544.3658138,3.470201913,0.000317384,2.171129437
544.6623094,3.470202933,0.000317488,2.17302379
544.9591281,3.470203969,0.000317608,2.175029778
545.2562704,3.470205022,0.000317745,2.177154436
545.553737,3.470206092,0.000317898,2.179391102
545.8515284,3.470207178,0.000318068,2.181746819
546.149645,3.47020828,0.000318256,2.184228646
546.4480874,3.470209399,0.000318461,2.186829922
546.7468562,3.470210534,0.000318683,2.189550842
547.0459519,3.470211686,0.000318924,2.192405353
547.3453749,3.470212854,0.000319184,2.195393674
547.645126,3.470214038,0.000319462,2.198509142
547.9452055,3.470215239,0.00031976,2.201765738
548.245614,3.470216456,0.000320077,2.205156804
548.5463522,3.470217689,0.000320413,2.208682562
548.8474204,3.470218938,0.00032077,2.212357028
549.1488193,3.470220203,0.000321148,2.216180446
549.4505495,3.470221484,0.000321546,2.220146158
549.7526113,3.470222781,0.000321965,2.224261307
550.0550055,3.470224094,0.000322406,2.228533051
550.3577325,3.470225422,0.000322868,2.232954733
550.660793,3.470226767,0.000323353,2.23754044
550.9641873,3.470228127,0.00032386,2.24228352
551.2679162,3.470229504,0.000324391,2.247198087
551.5719801,3.470230895,0.000324944,2.252270564
551.8763797,3.470232303,0.000325522,2.257522017
552.1811154,3.470233726,0.000326123,2.262938864
552.4861878,3.470235164,0.000326749,2.268535266
552.7915976,3.470236618,0.0003274,2.274311519
553.0973451,3.470238087,0.000328076,2.280267923
553.4034311,3.470239571,0.000328777,2.286404776
553.709856,3.470241071,0.000329505,2.292736294
554.0166205,3.470242585,0.000330259,2.299255839
554.3237251,3.470244115,0.000331041,2.305977656
554.6311703,3.47024566,0.000331849,2.312888141
554.9389567,3.470247219,0.000332686,2.320008529
555.247085,3.470248794,0.00033355,2.327325216
555.5555556,3.470250383,0.000334444,2.334859471
555.8643691,3.470251987,0.000335367,2.342604674
556.1735261,3.470253605,0.000336319,2.350561175
556.4830273,3.470255238,0.000337301,2.35873632
556.7928731,3.470256885,0.000338314,2.367137472
557.1030641,3.470258546,0.000339359,2.375772009
557.4136009,3.470260222,0.000340435,2.384633317
557.7244841,3.470261911,0.000341543,2.393728784
558.0357143,3.470263615,0.000342684,2.403065813
558.347292,3.470265332,0.000343858,2.41264481
558.6592179,3.470267063,0.000345066,2.422473201
558.9714925,3.470268807,0.000346308,2.432551404
559.2841163,3.470270564,0.000347585,2.442886866
559.5970901,3.470272335,0.000348898,2.453487051
559.9104143,3.470274119,0.000350247,2.464352404
560.2240896,3.470275916,0.000351632,2.47548337
560.5381166,3.470277725,0.000353055,2.486894485
560.8524958,3.470279547,0.000354516,2.498586218
561.1672278,3.470281382,0.000356015,2.510559044
561.4823133,3.470283228,0.000357554,2.522827546
561.7977528,3.470285086,0.000359132,2.535385163
562.1135469,3.470286957,0.000360752,2.548253575
562.4296963,3.470288838,0.000362412,2.56141917
562.7462015,3.470290731,0.000364115,2.574903665
563.0630631,3.470292635,0.00036586,2.588700523
563.3802817,3.47029455,0.000367648,2.602817351
563.6978579,3.470296475,0.000369481,2.617268858
564.0157924,3.47029841,0.000371359,2.63205561
564.3340858,3.470300355,0.000373282,2.647178175
564.6527386,3.47030231,0.000375252,2.662651313
564.9717514,3.470304274,0.00037727,2.678482717
565.2911249,3.470306248,0.000379335,2.694665893
565.6108597,3.470308229,0.000381449,2.711215651
565.9309564,3.470310219,0.000383614,2.728146837
566.2514156,3.470312217,0.000385829,2.745452985
566.572238,3.470314222,0.000388096,2.76314897
566.893424,3.470316234,0.000390415,2.781235456
567.2149745,3.470318252,0.000392787,2.799720234
567.5368899,3.470320277,0.000395214,2.818618248
567.8591709,3.470322307,0.000397697,2.837937337
568.1818182,3.470324342,0.000400236,2.857678218
568.5048323,3.470326382,0.000402832,2.877848755
568.8282139,3.470328425,0.000405486,2.898456829
569.1519636,3.470330472,0.0004082,2.919517492
569.476082,3.470332522,0.000410974,2.941031517
569.8005698,3.470334573,0.00041381,2.963014
570.1254276,3.470336626,0.000416709,2.985472906
570.450656,3.47033868,0.000419671,3.00840905
570.7762557,3.470340733,0.000422698,3.031837595
571.1022273,3.470342786,0.000425791,3.055766561
571.4285714,3.470344836,0.000428951,3.080203987
571.7552887,3.470346885,0.000432179,3.10515793
572.0823799,3.470348929,0.000435477,3.130643655
572.4098454,3.47035097,0.000438846,3.156669267
572.7376861,3.470353005,0.000442287,3.183242891
573.0659026,3.470355033,0.000445801,3.210372672
573.3944954,3.470357054,0.00044939,3.238073976
573.7234653,3.470359067,0.000453054,3.266347788
574.0528129,3.470361069,0.000456796,3.295216734
574.3825388,3.470363061,0.000460616,3.32468184
574.7126437,3.47036504,0.000464516,3.354758579
575.0431282,3.470367005,0.000468497,3.385455231
575.3739931,3.470368956,0.000472561,3.416787327
575.7052389,3.47037089,0.000476709,3.448763199
576.0368664,3.470372806,0.000480942,3.481391198
576.3688761,3.470374702,0.000485262,3.514686939
576.7012687,3.470376577,0.00048967,3.548658822
577.034045,3.470378428,0.000494168,3.583322522
577.3672055,3.470380255,0.000498757,3.618686491
577.700751,3.470382055,0.000503439,3.654766462
578.0346821,3.470383826,0.000508214,3.691563678
578.3689994,3.470385567,0.000513085,3.729101186
578.7037037,3.470387274,0.000518053,3.767387545
579.0387956,3.470388946,0.000523119,3.806431331
579.3742758,3.470390581,0.000528285,3.846248421
579.7101449,3.470392175,0.000533553,3.886854732
580.0464037,3.470393727,0.000538923,3.928251635
580.3830528,3.470395233,0.000544397,3.970455095
580.7200929,3.470396692,0.000549976,4.013473814
581.0575247,3.4703981,0.000555663,4.057331118
581.3953488,3.470399454,0.000561458,4.102028469
581.733566,3.470400751,0.000567362,4.147574646
582.0721769,3.470401987,0.000573377,4.193985758
582.4111823,3.470403161,0.000579505,4.241277954
582.7505828,3.470404267,0.000585745,4.289445452
583.090379,3.470405302,0.000592101,4.338519092
583.4305718,3.470406264,0.000598571,4.388485798
583.7711617,3.470407147,0.000605159,4.439376476
584.1121495,3.470407947,0.000611864,4.491185405
584.4535359,3.470408661,0.000618688,4.543928885
584.7953216,3.470409284,0.000625631,4.597608555
585.1375073,3.470409812,0.000632694,4.652233412
585.4800937,3.47041024,0.000639878,4.707812472
585.8230814,3.470410563,0.000647183,4.764347414
586.1664713,3.470410776,0.000654609,4.821839918
586.5102639,3.470410875,0.000662158,4.880306408
586.8544601,3.470410853,0.000669828,4.939733852
587.1990605,3.470410706,0.00067762,5.000131321
587.5440658,3.470410427,0.000685534,5.061500524
587.8894768,3.470410012,0.00069357,5.123843175
588.2352941,3.470409453,0.000701726,5.187146209
588.5815185,3.470408745,0.000710002,5.25141132
588.9281508,3.470407882,0.000718397,5.316632809
589.2751915,3.470406858,0.00072691,5.38280496
589.6226415,3.470405664,0.00073554,5.449922046
589.9705015,3.470404296,0.000744283,5.517956084
590.3187721,3.470402746,0.00075314,5.586916117
590.6674542,3.470401007,0.000762106,5.656766672
591.0165485,3.470399072,0.00077118,5.727501901
591.3660556,3.470396933,0.000780358,5.799093649
591.7159763,3.470394584,0.000789638,5.871528565
592.0663114,3.470392017,0.000799015,5.944770945
592.4170616,3.470389224,0.000808486,6.018799891
592.7682276,3.470386198,0.000818045,6.093572108
593.1198102,3.47038293,0.000827689,6.169066559
593.4718101,3.470379415,0.000837411,6.245232325
593.824228,3.470375643,0.000847205,6.322025829
594.1770648,3.470371607,0.000857067,6.399418323
594.530321,3.470367299,0.000866988,6.477343635
594.8839976,3.470362712,0.000876961,6.555750388
595.2380952,3.470357839,0.000886979,6.634587081
595.5926147,3.470352671,0.000897033,6.713787123
595.9475566,3.470347203,0.000907114,6.793283764
596.3029219,3.470341426,0.000917213,6.873010094
596.6587112,3.470335335,0.00092732,6.952891544
597.0149254,3.470328922,0.000937424,7.032845869
597.3715651,3.470322181,0.000947514,7.112790624
597.7286312,3.470315107,0.000957578,7.192635656
598.0861244,3.470307695,0.000967604,7.272290597
598.4440455,3.470299939,0.000977579,7.351657342
598.8023952,3.470291834,0.00098749,7.430637552
599.1611744,3.470283377,0.000997322,7.509117592
599.5203837,3.470274566,0.001007061,7.58699109
599.880024,3.470265396,0.001016692,7.66414388
600.240096,3.470255866,0.001026199,7.740453978
600.6006006,3.470245974,0.001035567,7.815806656
600.9615385,3.470235721,0.001044779,7.890071804
601.3229104,3.470225107,0.001053818,7.963119002
601.6847172,3.470214133,0.001062668,8.034825075
602.0469597,3.470202801,0.001071311,8.105051421
602.4096386,3.470191115,0.001079729,8.173659105
602.7727547,3.470179079,0.001087905,8.240516428
603.1363088,3.470166697,0.001095821,8.3054838
603.5003018,3.470153978,0.001103459,8.368421288
603.8647343,3.470140927,0.001110802,8.429196213
604.2296073,3.470127553,0.001117831,8.487660389
604.5949214,3.470113867,0.00112453,8.543688063
604.9606776,3.470099879,0.001130881,8.597137975
605.3268765,3.470085601,0.001136868,8.647883734
605.6935191,3.470071046,0.001142474,8.695791035
606.0606061,3.470056228,0.001147684,8.740740477
606.4281383,3.470041163,0.001152483,8.782612369
606.7961165,3.470025867,0.001156856,8.821286731
607.1645416,3.470010358,0.00116079,8.85665855
607.5334143,3.469994653,0.001164273,8.888630194
607.9027356,3.469978772,0.001167293,8.917103791
608.2725061,3.469962734,0.001169839,8.941988877
608.6427267,3.469946562,0.001171902,8.963210064
609.0133983,3.469930275,0.001173475,8.980707086
609.3845216,3.469913897,0.00117455,8.994411873
609.7560976,3.469897449,0.001175122,9.004279175
610.1281269,3.469880955,0.001175186,9.010263633
610.5006105,3.469864438,0.00117474,9.012342792
610.8735492,3.46984792,0.001173783,9.010501819
611.2469438,3.469831427,0.001172314,9.004725844
611.6207951,3.46981498,0.001170335,8.995023018
611.995104,3.469798604,0.001167849,8.981409203
612.3698714,3.469782321,0.00116486,8.963907996
612.745098,3.469766154,0.001161374,8.942558451
613.1207848,3.469750126,0.001157398,8.917407422
613.4969325,3.469734258,0.001152941,8.888517297
613.8735421,3.46971857,0.001148011,8.855942904
614.2506143,3.469703085,0.00114262,8.819770079
614.62815,3.46968782,0.001136779,8.780077149
615.0061501,3.469672795,0.001130502,8.736965817
615.3846154,3.469658026,0.001123802,8.690530301
615.7635468,3.469643532,0.001116695,8.640888268
616.1429452,3.469629327,0.001109195,8.588142189
616.5228113,3.469615427,0.00110132,8.532425776
616.9031462,3.469601843,0.001093085,8.473849816
617.2839506,3.469588589,0.00108451,8.412564154
617.6652254,3.469575675,0.00107561,8.348680195
618.0469716,3.469563112,0.001066406,8.282356221
618.4291899,3.469550907,0.001056914,8.213712048
618.8118812,3.469539069,0.001047155,8.142906669
619.1950464,3.469527603,0.001037146,8.070068347
619.5786865,3.469516516,0.001026906,7.995341234
619.9628022,3.46950581,0.001016454,7.91886984
620.3473945,3.469495489,0.001005809,7.840799034
620.7324643,3.469485555,0.000994988,7.761258444
621.1180124,3.469476008,0.00098401,7.68039363
621.5040398,3.469466849,0.000972892,7.598334893
621.8905473,3.469458077,0.000961653,7.515228489
622.2775358,3.46944969,0.000950307,7.431181939
622.6650062,3.469441685,0.000938872,7.34633433
623.0529595,3.469434059,0.000927364,7.260809438
623.4413965,3.469426808,0.000915798,7.174723512
623.8303182,3.469419927,0.000904189,7.08819309
624.2197253,3.469413412,0.00089255,7.001319316
624.609619,3.469407255,0.000880896,6.91421928
625,3.469401451,0.000869239,6.826986808
625.3908693,3.469395994,0.000857591,6.739715957
625.7822278,3.469390875,0.000845964,6.65250102
626.1740764,3.469386089,0.00083437,6.565436529
626.566416,3.469381626,0.000822818,6.478593628
626.9592476,3.469377479,0.000811318,6.392051521
627.3525721,3.469373639,0.000799879,6.305881725
627.7463905,3.4693701,0.000788511,6.220163826
628.1407035,3.469366851,0.00077722,6.134946037
628.5355123,3.469363885,0.000766015,6.050300387
628.9308176,3.469361193,0.000754901,5.966267471
629.3266205,3.469358766,0.000743886,5.882911714
629.7229219,3.469356596,0.000732976,5.800281875
630.1197227,3.469354674,0.000722174,5.71840308
630.517024,3.469352991,0.000711487,5.637332214
630.9148265,3.46935154,0.000700918,5.557094592
631.3131313,3.469350311,0.000690471,5.477723523
631.7119394,3.469349297,0.00068015,5.399252404
632.1112516,3.469348489,0.000669958,5.321706771
632.5110689,3.46934788,0.000659897,5.245104278
632.9113924,3.469347461,0.00064997,5.169470575
633.3122229,3.469347225,0.000640179,5.09482342
633.7135615,3.469347165,0.000630525,5.021172652
634.115409,3.469347272,0.000621009,4.948528134
634.5177665,3.46934754,0.000611634,4.876915703
634.9206349,3.469347962,0.000602398,4.806321368
635.3240152,3.469348531,0.000593304,4.736771021
635.7279085,3.46934924,0.000584351,4.668258662
636.1323155,3.469350083,0.000575539,4.600786274
636.5372374,3.469351054,0.000566869,4.534363842
636.9426752,3.469352146,0.000558339,4.468977363
637.3486297,3.469353355,0.00054995,4.404636827
637.755102,3.469354673,0.000541701,4.341336222
638.1620932,3.469356097,0.00053359,4.279061499
638.5696041,3.46935762,0.000525619,4.217830672
638.9776358,3.469359237,0.000517784,4.157613626
639.3861893,3.469360944,0.000510085,4.098412303
639.7952655,3.469362735,0.000502521,4.040220613
640.2048656,3.469364607,0.00049509,3.983024407
640.6149904,3.469366555,0.000487792,3.926825596
641.025641,3.469368574,0.000480624,3.871601933
641.4368185,3.469370661,0.000473585,3.817347233
641.8485237,3.469372812,0.000466674,3.764055297
642.2607579,3.469375023,0.000459889,3.711711839
642.6735219,3.469377291,0.000453228,3.660302534
643.0868167,3.469379611,0.000446689,3.609813022
643.5006435,3.469381981,0.000440271,3.560236992
643.9150032,3.469384398,0.000433972,3.511560027
644.3298969,3.469386859,0.00042779,3.463767669
644.7453256,3.46938936,0.000421724,3.416853528
645.1612903,3.469391899,0.000415771,3.370794981
645.5777921,3.469394474,0.00040993,3.325585574
645.994832,3.469397082,0.000404198,3.281202598
646.4124111,3.46939972,0.000398575,3.237647655
646.8305304,3.469402386,0.000393058,3.194897969
647.2491909,3.469405079,0.000387646,3.152946968
647.6683938,3.469407795,0.000382336,3.111771788
648.08814,3.469410534,0.000377127,3.071365793
648.5084306,3.469413292,0.000372018,3.031722331
648.9292667,3.469416069,0.000367005,2.992810267
649.3506494,3.469418862,0.000362088,2.954631026
649.7725796,3.46942167,0.000357265,2.917169706
650.1950585,3.469424492,0.000352534,2.880411366
650.6180872,3.469427326,0.000347893,2.844341027
651.0416667,3.46943017,0.000343341,2.80895185
651.465798,3.469433023,0.000338876,2.774228795
651.8904824,3.469435884,0.000334497,2.740164971
652.3157208,3.469438752,0.000330201,2.706737078
652.7415144,3.469441626,0.000325988,2.67394636
653.1678641,3.469444504,0.000321855,2.641769442
653.5947712,3.469447386,0.000317802,2.610207529
654.0222368,3.46945027,0.000313826,2.579237169
654.4502618,3.469453156,0.000309926,2.548851301
654.8788474,3.469456042,0.000306101,2.519042844
655.3079948,3.469458929,0.000302349,2.489796463
655.7377049,3.469461814,0.000298669,2.461105024
656.167979,3.469464699,0.00029506,2.432961373
656.5988181,3.469467581,0.00029152,2.405350087
657.0302234,3.46947046,0.000288047,2.378255703
657.4621959,3.469473336,0.000284641,2.351679239
657.8947368,3.469476207,0.000281301,2.325613452
658.3278473,3.469479074,0.000278024,2.300034531
658.7615283,3.469481936,0.00027481,2.274943439
659.1957811,3.469484793,0.000271658,2.250332855
659.6306069,3.469487644,0.000268567,2.226195443
660.0660066,3.469490488,0.000265534,2.202507255
660.5019815,3.469493325,0.00026256,2.179277482
660.9385327,3.469496156,0.000259643,2.15649042
661.3756614,3.469498979,0.000256782,2.134138638
661.8133686,3.469501794,0.000253976,2.112214684
662.2516556,3.469504601,0.000251223,2.090702762
662.6905235,3.4695074,0.000248524,2.06961202
663.1299735,3.469510191,0.000245877,2.048926629
663.5700066,3.469512973,0.000243281,2.028639058
664.0106242,3.469515745,0.000240735,2.008741754
664.4518272,3.469518509,0.000238238,1.989227147
664.893617,3.469521264,0.00023579,1.970095999
665.3359947,3.469524009,0.000233389,1.951332354
665.7789614,3.469526744,0.000231035,1.932936946
666.2225183,3.46952947,0.000228726,1.914893767
666.6666667,3.469532186,0.000226463,1.8972119
667.1114076,3.469534892,0.000224244,1.8798753
667.5567423,3.469537588,0.000222068,1.86287627
668.002672,3.469540275,0.000219935,1.846215488
668.4491979,3.469542951,0.000217844,1.829885231
668.8963211,3.469545617,0.000215795,1.813886163
669.3440428,3.469548273,0.000213786,1.798202126
669.7923644,3.469550919,0.000211817,1.782833754
670.2412869,3.469553555,0.000209888,1.76778168
670.6908115,3.46955618,0.000207997,1.753029685
671.1409396,3.469558796,0.000206145,1.738586808
671.5916723,3.469561401,0.00020433,1.724436791
672.0430108,3.469563996,0.000202552,1.710580226
672.4949563,3.469566581,0.00020081,1.697009253
672.9475101,3.469569156,0.000199105,1.683732906
673.4006734,3.469571721,0.000197435,1.670734856
673.8544474,3.469574277,0.000195799,1.658007197
674.3088334,3.469576822,0.000194198,1.645558949
674.7638327,3.469579357,0.000192631,1.633382199
675.2194463,3.469581883,0.000191098,1.621477498
675.6756757,3.469584399,0.000189597,1.609828414
676.132522,3.469586905,0.000188129,1.598443963
676.5899865,3.469589402,0.000186693,1.58731618
677.0480704,3.46959189,0.000185289,1.576445586
677.5067751,3.469594368,0.000183917,1.565832704
677.9661017,3.469596837,0.000182575,1.555461019
678.4260516,3.469599296,0.000181265,1.545348072
678.8866259,3.469601747,0.000179984,1.535468797
679.3478261,3.469604189,0.000178734,1.525840744
679.8096533,3.469606621,0.000177513,1.51644734
680.2721088,3.469609045,0.000176322,1.507297613
680.735194,3.469611461,0.00017516,1.498383505
681.1989101,3.469613868,0.000174027,1.489705499
681.6632584,3.469616267,0.000172922,1.48125551
682.1282401,3.469618657,0.000171846,1.473042578
682.5938567,3.469621039,0.000170798,1.46505861
683.0601093,3.469623413,0.000169778,1.457304075
683.5269993,3.469625779,0.000168786,1.449779444
683.994528,3.469628138,0.000167822,1.442485189
684.4626968,3.469630489,0.000166884,1.43540458
684.9315068,3.469632832,0.000165975,1.428563877
685.4009596,3.469635168,0.000165092,1.421937735
685.8710562,3.469637496,0.000164236,1.415535215
686.3417982,3.469639817,0.000163408,1.409365401
686.8131868,3.469642132,0.000162606,1.403411511
687.2852234,3.469644439,0.000161831,1.397682628
687.7579092,3.46964674,0.000161082,1.392170572
688.2312457,3.469649034,0.000160361,1.38689309
688.7052342,3.469651321,0.000159665,1.381824701
689.1798759,3.469653602,0.000158997,1.37699182
689.6551724,3.469655877,0.000158355,1.372377601
690.1311249,3.469658145,0.000157739,1.367982497
690.6077348,3.469660407,0.00015715,1.363815639
691.0850035,3.469662664,0.000156588,1.359877502
691.5629322,3.469664914,0.000156053,1.35616856
692.0415225,3.469667159,0.000155544,1.352680592
692.5207756,3.469669398,0.000155062,1.34942276
693.000693,3.469671632,0.000154607,1.346395542
693.481276,3.46967386,0.000154179,1.343599418
693.962526,3.469676082,0.000153778,1.341034869
694.4444444,3.4696783,0.000153405,1.338711104
694.9270327,3.469680512,0.000153059,1.336619893
695.4102921,3.469682719,0.000152741,1.334770459
695.8942241,3.469684921,0.000152451,1.333163307
696.3788301,3.469687118,0.000152189,1.331798944
696.8641115,3.46968931,0.000151955,1.330677877
697.3500697,3.469691497,0.000151751,1.329818141
697.8367062,3.469693679,0.000151575,1.329202744
698.3240223,3.469695856,0.000151428,1.328840975
698.8120196,3.469698028,0.000151311,1.328742146
699.3006993,3.469700195,0.000151225,1.328915597
699.790063,3.469702358,0.000151168,1.329344311
700.280112,3.469704516,0.000151142,1.330046425
700.7708479,3.469706668,0.000151148,1.331031319
701.2622721,3.469708816,0.000151185,1.332290777
701.754386,3.469710958,0.000151254,1.333834195
702.247191,3.469713096,0.000151356,1.335670996
702.7406887,3.469715228,0.000151491,1.337801797
703.2348805,3.469717354,0.00015166,1.340236058
703.7297678,3.469719475,0.000151862,1.342965574
704.2253521,3.46972159,0.0001521,1.346017519
704.721635,3.469723699,0.000152373,1.349383718
705.2186178,3.469725802,0.000152683,1.35308256
705.716302,3.469727899,0.000153029,1.357105882
706.2146893,3.469729988,0.000153412,1.361463245
706.7137809,3.469732071,0.000153834,1.366173118
707.2135785,3.469734146,0.000154295,1.371236251
707.7140835,3.469736213,0.000154796,1.376662286
708.2152975,3.469738271,0.000155338,1.382460895
708.7172218,3.469740321,0.000155921,1.388632868
709.2198582,3.469742361,0.000156546,1.395187913
709.7232079,3.469744391,0.000157215,1.402144684
710.2272727,3.469746411,0.000157928,1.409504035
710.732054,3.469748419,0.000158687,1.417284688
711.2375533,3.469750415,0.000159492,1.425487542
711.7437722,3.469752398,0.000160344,1.434122442
712.2507123,3.469754366,0.000161244,1.443199262
712.7583749,3.46975632,0.000162194,1.452736861
713.2667618,3.469758258,0.000163195,1.462745187
713.7758744,3.469760178,0.000164247,1.473225249
714.2857143,3.46976208,0.000165353,1.484204985
714.7962831,3.469763962,0.000166512,1.495676484
715.3075823,3.469765823,0.000167727,1.507667769
715.8196135,3.46976766,0.000168998,1.520179955
716.3323782,3.469769473,0.000170326,1.533223164
716.8458781,3.469771259,0.000171714,1.546825561
717.3601148,3.469773017,0.000173162,1.560988351
717.8750897,3.469774744,0.000174671,1.575721762
718.3908046,3.469776438,0.000176242,1.59103605
718.907261,3.469778096,0.000177877,1.606950537
719.4244604,3.469779717,0.000179577,1.623475558
719.9424046,3.469781297,0.000181343,1.640621479
720.4610951,3.469782833,0.000183175,1.658389643
720.9805335,3.469784322,0.000185075,1.676799515
721.5007215,3.469785761,0.000187043,1.695852485
722.0216606,3.469787146,0.000189081,1.715568091
722.5433526,3.469788473,0.000191189,1.73594777
723.065799,3.469789739,0.000193367,1.756992963
723.5890014,3.469790939,0.000195616,1.778714207
724.1129616,3.469792069,0.000197936,1.801112971
724.6376812,3.469793124,0.000200326,1.824181621
725.1631617,3.469794099,0.000202787,1.847930727
725.6894049,3.46979499,0.000205318,1.872352653
726.2164125,3.469795789,0.000207917,1.897430611
726.744186,3.469796494,0.000210585,1.923175165
727.2727273,3.469797096,0.000213319,1.949560351
727.8020378,3.469797591,0.000216117,1.976569276
728.3321194,3.469797972,0.000218977,2.004184999
728.8629738,3.469798232,0.000221896,2.032381368
729.3946025,3.469798366,0.00022487,2.061122992
729.9270073,3.469798368,0.000227896,2.090383546
730.4601899,3.469798229,0.000230969,2.120118271
730.994152,3.469797944,0.000234084,2.150282277
731.5288954,3.469797506,0.000237234,2.180812158
732.0644217,3.469796909,0.000240414,2.211662721
732.6007326,3.469796146,0.000243616,2.242761021
733.1378299,3.469795212,0.000246831,2.274024687
733.6757153,3.4697941,0.000250051,2.305380326
734.2143906,3.469792805,0.000253266,2.336735877
734.7538575,3.469791324,0.000256465,2.367989774
735.2941176,3.46978965,0.000259638,2.399049393
735.8351729,3.469787782,0.000262772,2.429794097
736.377025,3.469785717,0.000265855,2.460112148
736.9196758,3.469783452,0.000268873,2.489872956
737.4631268,3.469780988,0.000271811,2.51893628
738.0073801,3.469778324,0.000274656,2.547180014
738.5524372,3.469775464,0.000277392,2.574453846
739.0983001,3.46977241,0.000280005,2.600625596
739.6449704,3.469769167,0.000282478,2.625534811
740.19245,3.469765741,0.000284798,2.649057767
740.7407407,3.46976214,0.000286947,2.671023831
741.2898443,3.469758373,0.000288913,2.691317758
741.8397626,3.469754451,0.000290679,2.709777348
742.3904974,3.469750386,0.000292234,2.726295895
742.9420505,3.469746193,0.000293565,2.740747704
743.4944238,3.469741887,0.00029466,2.753016048
744.047619,3.469737483,0.00029551,2.763011904
744.6016381,3.469733,0.000296105,2.770636626
745.1564829,3.469728457,0.00029644,2.775838094
745.7121551,3.469723871,0.000296509,2.778554662
746.2686567,3.469719264,0.000296309,2.778752633
746.8259895,3.469714656,0.000295839,2.776416979
747.3841555,3.469710065,0.0002951,2.77155141
747.9431563,3.469705513,0.000294094,2.764169049
748.502994,3.469701019,0.000292826,2.754311274
749.0636704,3.469696602,0.000291302,2.742028999
749.6251874,3.46969228,0.00028953,2.727392134
750.1875469,3.469688069,0.000287521,2.710499076
750.7507508,3.469683987,0.000285285,2.691439088
751.3148009,3.469680046,0.000282835,2.670330022
751.8796992,3.46967626,0.000280185,2.647299533
752.4454477,3.469672641,0.000277348,2.622466205
753.0120482,3.469669198,0.000274341,2.595986831
753.5795026,3.46966594,0.000271178,2.567990267
754.147813,3.469662874,0.000267875,2.538624709
754.7169811,3.469660003,0.000264449,2.508048287
755.2870091,3.469657332,0.000260916,2.476410117
755.8578987,3.469654863,0.00025729,2.443840769
756.429652,3.469652597,0.000253587,2.410490219
757.002271,3.469650532,0.000249822,2.376499384
757.5757576,3.469648668,0.000246009,2.342000089
758.1501137,3.469647001,0.000242162,2.307124558
758.7253414,3.469645528,0.000238293,2.271986348
759.3014427,3.469644245,0.000234414,2.23669936
759.8784195,3.469643145,0.000230537,2.201377842
760.4562738,3.469642224,0.000226671,2.166107722
761.0350076,3.469641474,0.000222825,2.130975187
761.614623,3.469640891,0.00021901,2.096085829
762.195122,3.469640465,0.000215231,2.061488096
762.7765065,3.469640192,0.000211496,2.027259336
763.3587786,3.469640062,0.000207812,1.993467544
763.9419404,3.46964007,0.000204183,1.96015212
764.5259939,3.469640207,0.000200614,1.927362195
765.1109411,3.469640467,0.00019711,1.895147047
765.6967841,3.469640843,0.000193672,1.863517619
766.2835249,3.469641327,0.000190306,1.832533034
766.8711656,3.469641913,0.000187012,1.802194775
767.4597084,3.469642595,0.000183793,1.772533263
768.0491551,3.469643365,0.000180649,1.743550057
768.6395081,3.469644219,0.000177583,1.715275698
769.2307692,3.46964515,0.000174594,1.687702157
769.8229407,3.469646152,0.000171683,1.660840724
770.4160247,3.469647221,0.000168851,1.634702728
771.0100231,3.469648351,0.000166095,1.609260775
771.6049383,3.469649537,0.000163418,1.584545565
772.2007722,3.469650776,0.000160817,1.560529671
772.797527,3.469652061,0.000158291,1.537205003
773.3952049,3.469653391,0.000155841,1.514582883
773.993808,3.46965476,0.000153465,1.492645489
774.5933385,3.469656165,0.000151161,1.471374946
775.1937984,3.469657603,0.000148929,1.450772804
775.7951901,3.469659071,0.000146766,1.430811373
776.3975155,3.469660565,0.000144673,1.4115019
777.000777,3.469662084,0.000142647,1.392816613
777.6049767,3.469663624,0.000140687,1.374747198
778.2101167,3.469665182,0.000138791,1.357275532
778.8161994,3.469666758,0.000136959,1.340403013
779.4232268,3.469668348,0.000135188,1.324101658
780.0312012,3.469669951,0.000133476,1.3083532
780.6401249,3.469671565,0.000131824,1.293168742
781.25,3.469673188,0.000130228,1.278510338
781.8608288,3.46967482,0.000128689,1.264389045
782.4726135,3.469676457,0.000127203,1.250766794
783.0853563,3.469678099,0.00012577,1.237644757
783.6990596,3.469679746,0.000124389,1.225014262
784.3137255,3.469681395,0.000123058,1.212856753
784.9293564,3.469683045,0.000121776,1.20116348
785.5459544,3.469684696,0.000120542,1.189925666
786.163522,3.469686348,0.000119353,1.179114747
786.7820614,3.469687998,0.000118211,1.168751506
787.4015748,3.469689646,0.000117112,1.15879742
788.0220646,3.469691292,0.000116056,1.149253457
788.6435331,3.469692935,0.000115042,1.140110676
789.2659826,3.469694575,0.000114069,1.13136011
789.8894155,3.46969621,0.000113135,1.122982836
790.513834,3.46969784,0.000112241,1.114989672
791.1392405,3.469699466,0.000111384,1.107351706
791.7656374,3.469701086,0.000110564,1.10006978
792.3930269,3.469702701,0.000109781,1.093144742
793.0214116,3.469704309,0.000109033,1.08655751
793.6507937,3.469705911,0.000108319,1.080298914
794.2811755,3.469707506,0.000107639,1.074369738
794.9125596,3.469709094,0.000106991,1.068750789
795.5449483,3.469710675,0.000106377,1.063462802
796.1783439,3.469712249,0.000105793,1.058466546
796.812749,3.469713815,0.000105241,1.053782745
797.4481659,3.469715374,0.000104719,1.049392105
798.084597,3.469716924,0.000104227,1.045295328
798.7220447,3.469718467,0.000103763,1.041473043
799.3605116,3.469720001,0.000103329,1.037946
800,3.469721528,0.000102923,1.0346948
800.6405124,3.469723046,0.000102544,1.031710044
801.2820513,3.469724555,0.000102193,1.029002443
801.9246191,3.469726056,0.000101868,1.026552509
802.5682183,3.469727549,0.00010157,1.024370948
803.2128514,3.469729032,0.000101297,1.022438218
803.8585209,3.469730507,0.000101051,1.020775124
804.5052293,3.469731974,0.000100829,1.019351988
805.1529791,3.469733431,0.000100633,1.018189623
805.8017728,3.46973488,0.000100461,1.01726841
806.4516129,3.469736319,0.000100314,1.016599065
807.102502,3.46973775,0.00010019,1.016161913
807.7544426,3.469739172,0.000100091,1.015977819
808.4074373,3.469740584,0.000100015,1.016027078
809.0614887,3.469741987,1.00E-04,1.016316357
809.7165992,3.469743381,9.99E-05,1.016843187
810.3727715,3.469744766,9.99E-05,1.01760509
811.0300081,3.469746141,9.99E-05,1.018602638
811.6883117,3.469747507,1.00E-04,1.019834365
812.3476848,3.469748864,0.000100046,1.021295738
813.0081301,3.46975021,0.000100131,1.022994467
813.6696501,3.469751547,0.000100238,1.024920908
814.3322476,3.469752875,0.000100368,1.02708585
814.995925,3.469754192,0.00010052,1.029479635
815.6606852,3.4697555,0.000100694,1.032102823
816.3265306,3.469756797,0.000100891,1.034966233
816.9934641,3.469758084,0.000101109,1.038049922
817.6614881,3.469759361,0.00010135,1.041374979
818.3306056,3.469760627,0.000101613,1.044931714
819.000819,3.469761882,0.000101898,1.048720696
819.6721311,3.469763127,0.000102205,1.052742497
820.3445447,3.469764361,0.000102534,1.056997688
821.0180624,3.469765583,0.000102885,1.061486845
821.6926869,3.469766794,0.000103259,1.066220871
822.3684211,3.469767994,0.000103655,1.071190035
823.0452675,3.469769181,0.000104074,1.07640526
823.723229,3.469770356,0.000104514,1.081846453
824.4023083,3.46977152,0.000104978,1.087545251
825.0825083,3.46977267,0.000105463,1.093471188
825.7638315,3.469773807,0.000105972,1.099655955
826.446281,3.469774932,0.000106503,1.106079425
827.1298594,3.469776042,0.000107057,1.112752583
827.8145695,3.469777139,0.000107634,1.11967605
828.5004143,3.469778221,0.000108234,1.126850448
829.1873964,3.469779289,0.000108858,1.13428682
829.8755187,3.469780341,0.000109504,1.141964963
830.5647841,3.469781378,0.000110174,1.149906352
831.2551953,3.4697824,0.000110867,1.158101199
831.9467554,3.469783404,0.000111584,1.166560591
832.6394671,3.469784392,0.000112324,1.175274724
833.3333333,3.469785362,0.000113089,1.184265181
834.028357,3.469786314,0.000113877,1.19351169
834.7245409,3.469787247,0.000114689,1.203025383
835.4218881,3.469788162,0.000115525,1.212806929
836.1204013,3.469789056,0.000116385,1.222857
836.8200837,3.46978993,0.000117269,1.233176271
837.520938,3.469790783,0.000118178,1.243775941
838.2229673,3.469791614,0.00011911,1.25463565
838.9261745,3.469792422,0.000120068,1.265787679
839.6305626,3.469793207,0.000121049,1.27720111
840.3361345,3.469793967,0.000122054,1.288887163
841.0428932,3.469794703,0.000123084,1.300857094
841.7508418,3.469795412,0.000124138,1.313101043
842.4599832,3.469796095,0.000125216,1.325619702
843.1703204,3.46979675,0.000126318,1.338413765
843.8818565,3.469797376,0.000127444,1.351483931
844.5945946,3.469797973,0.000128593,1.364820285
845.3085376,3.469798539,0.000129766,1.378434125
846.0236887,3.469799073,0.000130963,1.392326154
846.7400508,3.469799574,0.000132182,1.4064758
847.4576271,3.469800041,0.000133423,1.420883716
848.1764207,3.469800473,0.000134687,1.435561218
848.8964346,3.469800869,0.000135973,1.450498326
849.617672,3.469801227,0.000137279,1.465674348
850.3401361,3.469801546,0.000138607,1.481111264
851.0638298,3.469801826,0.000139955,1.496788352
851.7887564,3.469802064,0.000141322,1.512695521
852.514919,3.46980226,0.000142708,1.528833359
853.2423208,3.469802411,0.000144112,1.545191735
853.970965,3.469802518,0.000145532,1.561749751
854.7008547,3.469802578,0.000146969,1.57851866
855.4319932,3.469802591,0.000148421,1.595477504
856.1643836,3.469802554,0.000149887,1.61261601
856.8980291,3.469802467,0.000151365,1.629913106
857.6329331,3.469802328,0.000152855,1.647369199
858.3690987,3.469802136,0.000154355,1.664963126
859.1065292,3.469801889,0.000155863,1.682673649
859.8452279,3.469801587,0.000157377,1.70047946
860.5851979,3.469801228,0.000158897,1.718380804
861.3264427,3.469800811,0.00016042,1.736345457
862.0689655,3.469800335,0.000161945,1.75436275
862.8127696,3.469799799,0.000163468,1.772389449
863.5578584,3.469799201,0.000164989,1.790425579
864.3042351,3.469798541,0.000166505,1.80843858
865.0519031,3.469797818,0.000168013,1.826395781
865.8008658,3.469797032,0.000169511,1.844275277
866.5511265,3.46979618,0.000170996,1.862044198
867.3026886,3.469795264,0.000172467,1.879691357
868.0555556,3.469794282,0.000173919,1.897161896
868.8097307,3.469793235,0.000175351,1.914444436
869.5652174,3.469792121,0.000176758,1.931483851
870.3220191,3.469790942,0.000178139,1.948268569
871.0801394,3.469789697,0.00017949,1.964754139
871.8395815,3.469788386,0.000180808,1.980906911
872.600349,3.469787011,0.00018209,1.996693118
873.3624454,3.469785571,0.000183333,2.012078874
874.1258741,3.469784068,0.000184532,2.027008207
874.8906387,3.469782503,0.000185686,2.041468924
875.6567426,3.469780877,0.00018679,2.055404774
876.4241893,3.469779191,0.000187842,2.068792352
877.1929825,3.469777448,0.000188838,2.081586121
877.9631255,3.469775649,0.000189776,2.093762452
878.7346221,3.469773796,0.000190651,2.105264505
879.5074758,3.469771893,0.000191461,2.116068396
880.2816901,3.46976994,0.000192204,2.126150158
881.0572687,3.469767942,0.000192876,2.135463595
881.8342152,3.469765901,0.000193474,2.14397343
882.6125331,3.469763821,0.000193997,2.151666444
883.3922261,3.469761704,0.000194442,2.158507169
884.173298,3.469759555,0.000194807,2.164471123
884.9557522,3.469757377,0.000195089,2.169522617
885.7395926,3.469755174,0.000195287,2.173648094
886.5248227,3.46975295,0.000195401,2.176845093
887.3114463,3.469750709,0.000195428,2.17907769
888.0994671,3.469748455,0.000195367,2.180332156
888.8888889,3.469746192,0.000195218,2.180605883
889.6797153,3.469743926,0.000194981,2.179896254
890.4719501,3.469741659,0.000194655,2.17818945
891.2655971,3.469739397,0.00019424,2.175482806
892.0606601,3.469737144,0.000193737,2.171784857
892.8571429,3.469734904,0.000193147,2.167104166
893.6550492,3.469732681,0.00019247,2.1614381
894.4543828,3.46973048,0.000191708,2.154806494
895.2551477,3.469728304,0.000190861,2.147206754
896.0573477,3.469726158,0.000189933,2.13868132
896.8609865,3.469724045,0.000188924,2.1292277
897.6660682,3.46972197,0.000187838,2.118888517
898.4725966,3.469719934,0.000186675,2.107661383
899.2805755,3.469717942,0.00018544,2.095600407
900.090009,3.469715998,0.000184134,2.082714648
900.9009009,3.469714102,0.000182761,2.06904716
901.7132552,3.46971226,0.000181323,2.054618492
902.5270758,3.469710472,0.000179823,2.039460607
903.3423668,3.469708741,0.000178266,2.023628288
904.159132,3.469707069,0.000176654,2.007142429
904.9773756,3.469705458,0.000174991,1.990046744
905.7971014,3.469703909,0.00017328,1.972373726
906.6183137,3.469702424,0.000171524,1.954155982
907.4410163,3.469701003,0.000169727,1.935437642
908.2652134,3.469699649,0.000167893,1.916262996
909.0909091,3.46969836,0.000166025,1.896665072
909.9181074,3.469697138,0.000164126,1.876677018
910.7468124,3.469695983,0.0001622,1.856343546
911.5770283,3.469694895,0.00016025,1.835698079
912.4087591,3.469693873,0.000158279,1.814774158
913.2420091,3.469692919,0.00015629,1.79360545
914.0767824,3.46969203,0.000154287,1.772237229
914.9130833,3.469691206,0.000152272,1.750691942
915.7509158,3.469690448,0.000150248,1.729003626
916.5902841,3.469689753,0.000148218,1.707206442
917.4311927,3.469689121,0.000146185,1.685334677
918.2736455,3.469688551,0.00014415,1.663399665
919.1176471,3.469688041,0.000142117,1.641447431
919.9632015,3.46968759,0.000140088,1.619501049
920.8103131,3.469687198,0.000138064,1.597572107
921.6589862,3.469686862,0.000136048,1.575695397
922.5092251,3.469686581,0.000134041,1.553882658
923.3610342,3.469686354,0.000132046,1.532168876
924.2144177,3.469686179,0.000130064,1.510565941
925.0693802,3.469686054,0.000128096,1.489085783
925.9259259,3.469685978,0.000126144,1.467752016
926.7840593,3.46968595,0.000124209,1.446576693
927.6437848,3.469685967,0.000122293,1.425583568
928.5051068,3.469686029,0.000120396,1.40477315
929.3680297,3.469686133,0.000118519,1.384157626
930.2325581,3.469686278,0.000116663,1.363749231
931.0986965,3.469686462,0.00011483,1.343571943
931.9664492,3.469686685,0.000113019,1.323614698
932.8358209,3.469686944,0.000111232,1.303901556
933.7068161,3.469687237,0.000109468,1.284421467
934.5794393,3.469687564,0.000107729,1.265198574
935.453695,3.469687923,0.000106015,1.246233597
936.329588,3.469688312,0.000104326,1.227527263
937.2071228,3.469688731,0.000102662,1.209080297
938.0863039,3.469689177,0.000101023,1.19089343
938.9671362,3.46968965,9.94E-05,1.172988634
939.8496241,3.469690148,9.78E-05,1.155350168
940.7337723,3.46969067,9.63E-05,1.137983514
941.6195857,3.469691215,9.47E-05,1.120891805
942.5070688,3.469691781,9.32E-05,1.104073451
943.3962264,3.469692368,9.17E-05,1.087529225
944.2870633,3.469692975,9.03E-05,1.071258717
945.1795841,3.4696936,8.88E-05,1.055261515
946.0737938,3.469694242,8.74E-05,1.039536017
946.969697,3.469694901,8.61E-05,1.024080615
947.8672986,3.469695575,8.47E-05,1.008894887
948.7666034,3.469696264,8.34E-05,0.99397483
949.6676163,3.469696966,8.21E-05,0.979321201
950.5703422,3.469697682,8.08E-05,0.964928788
951.4747859,3.46969841,7.95E-05,0.950795946
952.3809524,3.469699149,7.83E-05,0.936921021
953.2888465,3.469699899,7.71E-05,0.92329996
954.1984733,3.469700659,7.59E-05,0.909929892
955.1098376,3.469701429,7.47E-05,0.896807937
956.0229446,3.469702207,7.36E-05,0.8839312
956.937799,3.469702994,7.25E-05,0.871295577
957.8544061,3.469703788,7.14E-05,0.858896945
958.7727709,3.469704589,7.03E-05,0.846734782
959.6928983,3.469705397,6.92E-05,0.834802531
960.6147935,3.469706211,6.82E-05,0.823098442
961.5384615,3.469707031,6.72E-05,0.811619548
962.4639076,3.469707855,6.62E-05,0.800360451
963.3911368,3.469708685,6.52E-05,0.789318154
964.3201543,3.469709519,6.42E-05,0.778488439
965.2509653,3.469710357,6.33E-05,0.767869494
966.1835749,3.469711199,6.24E-05,0.757457074
967.1179884,3.469712044,6.15E-05,0.747246917
968.054211,3.469712892,6.06E-05,0.737237177
968.9922481,3.469713743,5.97E-05,0.727422349
969.9321048,3.469714596,5.89E-05,0.717799343
970.8737864,3.469715452,5.81E-05,0.708366277
971.8172983,3.46971631,5.72E-05,0.699118821
972.7626459,3.46971717,5.65E-05,0.690052626
973.7098345,3.469718031,5.57E-05,0.681166999
974.6588694,3.469718893,5.49E-05,0.672456344
975.6097561,3.469719757,5.42E-05,0.663917494
976.5625,3.469720622,5.34E-05,0.655549726
977.5171065,3.469721488,5.27E-05,0.647347399
978.4735812,3.469722354,5.20E-05,0.639308541
979.4319295,3.469723222,5.13E-05,0.631431169
980.3921569,3.469724089,5.06E-05,0.623710831
981.3542689,3.469724958,5.00E-05,0.616145523
982.3182711,3.469725826,4.93E-05,0.608731998
983.2841691,3.469726695,4.87E-05,0.601468233
984.2519685,3.469727564,4.81E-05,0.594350959
985.2216749,3.469728433,4.74E-05,0.587378133
986.1932939,3.469729303,4.68E-05,0.580547705
987.1668312,3.469730172,4.63E-05,0.573855133
988.1422925,3.469731041,4.57E-05,0.567300827
989.1196835,3.469731911,4.51E-05,0.560881467
990.0990099,3.46973278,4.46E-05,0.554593722
991.0802775,3.46973365,4.40E-05,0.548437984
992.0634921,3.469734519,4.35E-05,0.542409658
993.0486594,3.469735389,4.30E-05,0.536507877
994.0357853,3.469736258,4.25E-05,0.530730519
995.0248756,3.469737128,4.20E-05,0.525075455
996.0159363,3.469737997,4.15E-05,0.519541798
997.0089731,3.469738867,4.10E-05,0.514127407
998.003992,3.469739737,4.06E-05,0.50883013
999.000999,3.469740607,4.01E-05,0.503650318
1000,3.469741478,3.97E-05,0.498583296
1001.001001,3.469742349,3.92E-05,0.493630662
1002.004008,3.46974322,3.88E-05,0.488790241
1003.009027,3.469744092,3.84E-05,0.484059849
1004.016064,3.469744965,3.80E-05,0.479439819
1005.025126,3.469745839,3.76E-05,0.474926694
1006.036217,3.469746713,3.72E-05,0.470523325
1007.049345,3.469747588,3.68E-05,0.466224982
1008.064516,3.469748465,3.65E-05,0.462033249
1009.081736,3.469749343,3.61E-05,0.457947181
1010.10101,3.469750222,3.58E-05,0.453964559
1011.122346,3.469751103,3.54E-05,0.450086968
1012.145749,3.469751986,3.51E-05,0.446313455
1013.171226,3.469752871,3.48E-05,0.442643062
1014.198783,3.469753757,3.45E-05,0.439076105
1015.228426,3.469754647,3.41E-05,0.435612897
1016.260163,3.469755538,3.38E-05,0.432252478
1017.293998,3.469756433,3.36E-05,0.428996441
1018.329939,3.46975733,3.33E-05,0.425843823
1019.367992,3.469758231,3.30E-05,0.422796223
1020.408163,3.469759135,3.27E-05,0.41985268
1021.45046,3.469760043,3.25E-05,0.41701608
1022.494888,3.469760955,3.22E-05,0.414285465
1023.541453,3.469761871,3.20E-05,0.411663734
1024.590164,3.469762792,3.18E-05,0.409151222
1025.641026,3.469763718,3.16E-05,0.406748264
1026.694045,3.46976465,3.13E-05,0.404459069
1027.749229,3.469765587,3.11E-05,0.402283987
1028.806584,3.46976653,3.10E-05,0.400225956
1029.866117,3.469767479,3.08E-05,0.398286632
1030.927835,3.469768435,3.06E-05,0.396468973
1031.991744,3.469769399,3.04E-05,0.394777247
1033.057851,3.469770371,3.03E-05,0.393214439
1034.126163,3.469771351,3.01E-05,0.39178225
1035.196687,3.469772339,3.00E-05,0.39048759
1036.26943,3.469773337,2.99E-05,0.389333489
1037.344398,3.469774345,2.98E-05,0.388324297
1038.421599,3.469775364,2.97E-05,0.38746699
1039.50104,3.469776394,2.96E-05,0.386768572
1040.582726,3.469777435,2.95E-05,0.386233462
1041.666667,3.46977849,2.95E-05,0.385868717
1042.752868,3.469779558,2.94E-05,0.385685351
1043.841336,3.46978064,2.94E-05,0.385689179
1044.932079,3.469781737,2.94E-05,0.385891294
1046.025105,3.46978285,2.94E-05,0.386302833
1047.120419,3.46978398,2.94E-05,0.38693498
1048.218029,3.469785128,2.94E-05,0.387800286
1049.317943,3.469786295,2.95E-05,0.388912669
1050.420168,3.469787483,2.96E-05,0.390288748
1051.524711,3.469788692,2.97E-05,0.391946534
1052.631579,3.469789924,2.98E-05,0.393904111
1053.74078,3.46979118,2.99E-05,0.396182291
1054.852321,3.469792462,3.01E-05,0.398805947
1055.966209,3.469793771,3.03E-05,0.40180006
1057.082452,3.469795109,3.05E-05,0.405193701
1058.201058,3.469796478,3.08E-05,0.409018721
1059.322034,3.46979788,3.10E-05,0.413312435
1060.445387,3.469799316,3.14E-05,0.418114979
1061.571125,3.46980079,3.17E-05,0.423469327
1062.699256,3.469802302,3.22E-05,0.429427985
1063.829787,3.469803856,3.26E-05,0.436046355
1064.962726,3.469805454,3.31E-05,0.443388105
1066.098081,3.469807099,3.37E-05,0.451525215
1067.235859,3.469808793,3.43E-05,0.460538014
1068.376068,3.46981054,3.50E-05,0.470519262
1069.518717,3.469812341,3.58E-05,0.481572866
1070.663812,3.469814202,3.67E-05,0.493816632
1071.811361,3.469816123,3.77E-05,0.507386382
1072.961373,3.469818109,3.87E-05,0.522436046
1074.113856,3.469820163,3.99E-05,0.539141815
1075.268817,3.469822286,4.13E-05,0.557709013
1076.426265,3.469824481,4.28E-05,0.578366841
1077.586207,3.469826749,4.44E-05,0.601386115
1078.748652,3.469829091,4.63E-05,0.627075419
1079.913607,3.469831505,4.83E-05,0.655793525
1081.081081,3.469833989,5.06E-05,0.687949662
1082.251082,3.469836537,5.32E-05,0.724024192
1083.423619,3.469839138,5.62E-05,0.764562185
1084.598698,3.469841777,5.94E-05,0.810196943
1085.77633,3.469844432,6.32E-05,0.861649112
1086.956522,3.469847069,6.73E-05,0.919735352
1088.139282,3.469849643,7.21E-05,0.985372965
1089.324619,3.46985209,7.74E-05,1.059568119
1090.512541,3.469854322,8.34E-05,1.14339441
1091.703057,3.469856223,9.02E-05,1.237941095
1092.896175,3.469857637,9.79E-05,1.344226659
1094.091904,3.469858363,0.000106413,1.463047189
1095.290252,3.469858148,0.000115862,1.59470401
1096.491228,3.469856681,0.000126189,1.738747439
1097.694841,3.469853604,0.000137264,1.89342504
1098.901099,3.469848532,0.000148825,2.055153863
1100.110011,3.469841103,0.000160444,2.218040339
1101.321586,3.469831054,0.000171504,2.373549252
1102.535832,3.469818326,0.000181223,2.510821687
1103.752759,3.469803164,0.000188736,2.617799568
1104.972376,3.469786168,0.000193243,2.683274075
1106.19469,3.469768265,0.000194194,2.699462009
1107.419712,3.469750559,0.000191437,2.664084356
1108.64745,3.469734123,0.000185263,2.581023731
1109.877913,3.469719795,0.000176327,2.45925674
1111.111111,3.469708063,0.000165478,2.310508639
1112.347052,3.469699065,0.000153582,2.14679448
1113.585746,3.469692654,0.000141384,1.978489595
1114.827202,3.469688517,0.000129449,1.813493902
1116.071429,3.469686263,0.000118151,1.657063819
1117.318436,3.4696855,0.000107702,1.512204672
1118.568233,3.469685876,9.82E-05,1.380266747
1119.820829,3.469687089,8.96E-05,1.261417287
1121.076233,3.469688901,8.20E-05,1.155138204
1122.334456,3.469691123,7.52E-05,1.060518416
1123.595506,3.469693611,6.92E-05,0.976471899
1124.859393,3.46969626,6.38E-05,0.901872402
1126.126126,3.46969899,5.90E-05,0.835631057
1127.395716,3.469701746,5.48E-05,0.776744755
1128.668172,3.469704487,5.11E-05,0.724300888
1129.943503,3.469707185,4.77E-05,0.677494895
1131.221719,3.469709821,4.47E-05,0.635619504
1132.502831,3.469712384,4.20E-05,0.598055322
1133.786848,3.469714865,3.96E-05,0.564268481
1135.07378,3.469717262,3.74E-05,0.533794008
1136.363636,3.469719572,3.55E-05,0.506231931
1137.656428,3.469721796,3.37E-05,0.481233357
1138.952164,3.469723936,3.20E-05,0.458497893
1140.250855,3.469725994,3.06E-05,0.437766765
1141.552511,3.469727972,2.92E-05,0.418813012
1142.857143,3.469729875,2.80E-05,0.401440229
1144.16476,3.469731705,2.68E-05,0.385475556
1145.475372,3.469733467,2.58E-05,0.370771251
1146.788991,3.469735162,2.48E-05,0.357196185
1148.105626,3.469736796,2.39E-05,0.344634501
1149.425287,3.469738371,2.31E-05,0.33298425
1150.747986,3.469739889,2.23E-05,0.322158923
1152.073733,3.469741355,2.16E-05,0.31207885
1153.402537,3.469742771,2.09E-05,0.302672689
1154.734411,3.46974414,2.03E-05,0.293880379
1156.069364,3.469745464,1.97E-05,0.285645939
1157.407407,3.469746745,1.91E-05,0.277920399
1158.748552,3.469747987,1.86E-05,0.270660389
1160.092807,3.46974919,1.81E-05,0.263825253
1161.440186,3.469750358,1.76E-05,0.257381442
1162.790698,3.469751491,1.72E-05,0.251296715
1164.144354,3.469752591,1.68E-05,0.245541603
1165.501166,3.469753661,1.64E-05,0.240090898
1166.861144,3.469754702,1.60E-05,0.234920736
1168.224299,3.469755715,1.57E-05,0.230011548
1169.590643,3.469756701,1.53E-05,0.225343674
1170.960187,3.469757662,1.50E-05,0.220897361
1172.332943,3.469758599,1.47E-05,0.216660129
1173.70892,3.469759513,1.44E-05,0.212616491
1175.088132,3.469760405,1.41E-05,0.208752361
1176.470588,3.469761277,1.39E-05,0.205055069
1177.856302,3.469762128,1.36E-05,0.201514842
1179.245283,3.469762961,1.34E-05,0.198121864
1180.637544,3.469763775,1.31E-05,0.194866269
1182.033097,3.469764572,1.29E-05,0.191738149
1183.431953,3.469765352,1.27E-05,0.188732006
1184.834123,3.469766116,1.25E-05,0.185837852
1186.23962,3.469766864,1.23E-05,0.183051614
1187.648456,3.469767598,1.21E-05,0.180366213
1189.060642,3.469768318,1.19E-05,0.177774539
1190.47619,3.469769024,1.17E-05,0.175272438
1191.895113,3.469769716,1.15E-05,0.172855736
1193.317422,3.469770397,1.14E-05,0.170517243
1194.74313,3.469771065,1.12E-05,0.168255737
1196.172249,3.469771722,1.10E-05,0.166065481
1197.60479,3.469772367,1.09E-05,0.163942217
1199.040767,3.469773001,1.07E-05,0.161884679
1200.480192,3.469773625,1.06E-05,0.15988707
1201.923077,3.469774239,1.05E-05,0.157948094
1203.369434,3.469774843,1.03E-05,0.15606494
1204.819277,3.469775438,1.02E-05,0.154233266
1206.272618,3.469776023,1.01E-05,0.152451745
1207.729469,3.4697766,9.93E-06,0.150719038
1209.189843,3.469777168,9.81E-06,0.149030766
1210.653753,3.469777728,9.69E-06,0.147387089
1212.121212,3.46977828,9.57E-06,0.145785124
1213.592233,3.469778824,9.46E-06,0.144221971
1215.066829,3.46977936,9.35E-06,0.142697773
1216.545012,3.46977989,9.24E-06,0.141209614
1218.026797,3.469780412,9.13E-06,0.139756096
1219.512195,3.469780927,9.03E-06,0.138337344
1221.001221,3.469781436,8.93E-06,0.136948883
1222.493888,3.469781938,8.83E-06,0.135592361
1223.990208,3.469782434,8.73E-06,0.134266357
1225.490196,3.469782924,8.63E-06,0.132967903
1226.993865,3.469783408,8.54E-06,0.131697099
1228.501229,3.469783886,8.45E-06,0.130452506
1230.0123,3.469784358,8.36E-06,0.129232673
1231.527094,3.469784825,8.27E-06,0.128037692
1233.045623,3.469785286,8.19E-06,0.126867654
1234.567901,3.469785743,8.10E-06,0.125717999
1236.093943,3.469786194,8.02E-06,0.124591908
1237.623762,3.46978664,7.94E-06,0.123486359
1239.157373,3.469787082,7.86E-06,0.122402984
1240.694789,3.469787518,7.78E-06,0.121337189
1242.236025,3.469787951,7.71E-06,0.120292162
1243.781095,3.469788378,7.63E-06,0.119264854
1245.330012,3.469788802,7.56E-06,0.118255332
1246.882793,3.46978922,7.48E-06,0.117262095
1248.439451,3.469789635,7.41E-06,0.116286772
1250,3.469790046,7.34E-06,0.115327861
1251.564456,3.469790453,7.27E-06,0.114385422
1253.132832,3.469790855,7.20E-06,0.113456369
1254.705144,3.469791254,7.14E-06,0.112543905
1256.281407,3.46979165,7.07E-06,0.111644935
1257.861635,3.469792041,7.01E-06,0.110759511
1259.445844,3.469792429,6.94E-06,0.109889266
1261.034048,3.469792814,6.88E-06,0.109031087
1262.626263,3.469793195,6.82E-06,0.108185022
1264.222503,3.469793572,6.76E-06,0.107352704
1265.822785,3.469793946,6.70E-06,0.106532595
1267.427123,3.469794318,6.64E-06,0.105723148
1269.035533,3.469794685,6.58E-06,0.104926
1270.64803,3.46979505,6.52E-06,0.1041396
1272.264631,3.469795412,6.47E-06,0.103363989
1273.88535,3.469795771,6.41E-06,0.102600809
1275.510204,3.469796126,6.35E-06,0.1018453
1277.139208,3.469796479,6.30E-06,0.101102305
1278.772379,3.469796829,6.25E-06,0.100367051
1280.409731,3.469797177,6.19E-06,0.099642786
1282.051282,3.469797521,6.14E-06,0.098927942
1283.697047,3.469797863,6.09E-06,0.098220942
1285.347044,3.469798202,6.04E-06,0.09752343
1287.001287,3.469798539,5.99E-06,0.096835444
1288.659794,3.469798873,5.94E-06,0.096155402
1290.322581,3.469799204,5.89E-06,0.095483333
1291.989664,3.469799533,5.84E-06,0.094819269
1293.661061,3.46979986,5.79E-06,0.094164866
1295.336788,3.469800184,5.75E-06,0.093516907
1297.016861,3.469800506,5.70E-06,0.092875417
1298.701299,3.469800826,5.65E-06,0.092243684
1300.390117,3.469801143,5.61E-06,0.091618479
1302.083333,3.469801458,5.56E-06,0.090999827
1303.780965,3.469801771,5.52E-06,0.090387753
1305.483029,3.469802082,5.47E-06,0.089783925
1307.189542,3.46980239,5.43E-06,0.089186731
1308.900524,3.469802697,5.39E-06,0.088594553
1310.61599,3.469803001,5.34E-06,0.088010705
1312.335958,3.469803304,5.30E-06,0.087431921
1314.060447,3.469803604,5.26E-06,0.086859872
1315.789474,3.469803902,5.22E-06,0.086292932
1317.523057,3.469804199,5.18E-06,0.085732776
1319.261214,3.469804493,5.14E-06,0.085177774
1321.003963,3.469804786,5.10E-06,0.084629605
1322.751323,3.469805076,5.06E-06,0.084086635
1324.503311,3.469805365,5.02E-06,0.083548884
1326.259947,3.469805652,4.98E-06,0.08301804
1328.021248,3.469805937,4.94E-06,0.082490793
1329.787234,3.469806221,4.91E-06,0.081968827
1331.557923,3.469806503,4.87E-06,0.081452165
1333.333333,3.469806783,4.83E-06,0.080940827
1335.113485,3.469807061,4.79E-06,0.080434835
1336.898396,3.469807337,4.76E-06,0.079932529
1338.688086,3.469807612,4.72E-06,0.07943729
1340.482574,3.469807886,4.69E-06,0.078944092
1342.281879,3.469808157,4.65E-06,0.078456318
1344.086022,3.469808427,4.62E-06,0.077973988
1345.89502,3.469808696,4.58E-06,0.077495434
1347.708895,3.469808963,4.55E-06,0.077022364
1349.527665,3.469809228,4.51E-06,0.076553105
1351.351351,3.469809492,4.48E-06,0.076087672
1353.179973,3.469809754,4.45E-06,0.075626081
1355.01355,3.469810015,4.41E-06,0.075168347
1356.852103,3.469810275,4.38E-06,0.074716192
1358.695652,3.469810532,4.35E-06,0.074266222
1360.544218,3.469810789,4.32E-06,0.073821867
1362.39782,3.469811044,4.29E-06,0.073381437
1364.25648,3.469811298,4.25E-06,0.072943235
1366.120219,3.46981155,4.22E-06,0.072508985
1367.989056,3.469811801,4.19E-06,0.072080423
1369.863014,3.46981205,4.16E-06,0.07165413
1371.742112,3.469812299,4.13E-06,0.071231839
1373.626374,3.469812545,4.10E-06,0.07081184
1375.515818,3.469812791,4.07E-06,0.070395871
1377.410468,3.469813035,4.04E-06,0.069983949
1379.310345,3.469813278,4.01E-06,0.069576091
1381.21547,3.46981352,3.99E-06,0.069170577
1383.125864,3.46981376,3.96E-06,0.068769156
1385.041551,3.469814,3.93E-06,0.068370103
1386.962552,3.469814238,3.90E-06,0.067975173
1388.888889,3.469814474,3.87E-06,0.067582636
1390.820584,3.46981471,3.84E-06,0.067192503
1392.75766,3.469814944,3.82E-06,0.066806533
1394.700139,3.469815177,3.79E-06,0.066422993
1396.648045,3.469815409,3.76E-06,0.066043646
1398.601399,3.46981564,3.74E-06,0.065666753
1400.560224,3.46981587,3.71E-06,0.065292324
1402.524544,3.469816098,3.68E-06,0.06492037
1404.494382,3.469816326,3.66E-06,0.064552666
1406.469761,3.469816552,3.63E-06,0.064187463
1408.450704,3.469816777,3.61E-06,0.06382477
1410.437236,3.469817001,3.58E-06,0.0634646
1412.429379,3.469817224,3.56E-06,0.063106961
1414.427157,3.469817446,3.53E-06,0.062751866
1416.430595,3.469817667,3.51E-06,0.062399325
1418.439716,3.469817886,3.48E-06,0.062051131
1420.454545,3.469818105,3.46E-06,0.061703733
1422.475107,3.469818323,3.43E-06,0.061358921
1424.501425,3.469818539,3.41E-06,0.061016708
1426.533524,3.469818755,3.38E-06,0.060678896
1428.571429,3.46981897,3.36E-06,0.060341914
1430.615165,3.469819183,3.34E-06,0.060007563
1432.664756,3.469819396,3.31E-06,0.059674054
1434.72023,3.469819608,3.29E-06,0.059344998
1436.781609,3.469819818,3.27E-06,0.059018607
1438.848921,3.469820028,3.25E-06,0.058693084
1440.92219,3.469820237,3.22E-06,0.058370245
1443.001443,3.469820444,3.20E-06,0.058050101
1445.086705,3.469820651,3.18E-06,0.057730848
1447.178003,3.469820857,3.16E-06,0.057416126
1449.275362,3.469821062,3.14E-06,0.057102314
1451.37881,3.469821266,3.11E-06,0.056791238
1453.488372,3.469821469,3.09E-06,0.056481084
1455.604076,3.469821671,3.07E-06,0.056173686
1457.725948,3.469821873,3.05E-06,0.055869055
1459.854015,3.469822073,3.03E-06,0.055565369
1461.988304,3.469822273,3.01E-06,0.05526447
1464.128843,3.469822471,2.99E-06,0.05496453
1466.27566,3.469822669,2.97E-06,0.054667395
1468.428781,3.469822866,2.95E-06,0.054373078
1470.588235,3.469823062,2.93E-06,0.054079743
1472.75405,3.469823257,2.91E-06,0.053789246
1474.926254,3.469823452,2.89E-06,0.053499745
1477.104874,3.469823645,2.87E-06,0.053211245
1479.289941,3.469823838,2.85E-06,0.052927468
1481.481481,3.46982403,2.83E-06,0.052642851
1483.679525,3.469824221,2.81E-06,0.052361118
1485.884101,3.469824411,2.79E-06,0.052082282
1488.095238,3.469824601,2.77E-06,0.051802616
1490.312966,3.469824789,2.75E-06,0.051527735
1492.537313,3.469824977,2.73E-06,0.051252034
1494.768311,3.469825164,2.71E-06,0.050979265
1497.005988,3.46982535,2.70E-06,0.050709442
1499.250375,3.469825536,2.68E-06,0.050438809
1501.501502,3.469825721,2.66E-06,0.050171138
1503.759398,3.469825904,2.64E-06,0.049906441
1506.024096,3.469826088,2.62E-06,0.049640947
1508.295626,3.46982627,2.61E-06,0.049378442
1510.574018,3.469826452,2.59E-06,0.049118941
1512.859304,3.469826633,2.57E-06,0.048858655
1515.151515,3.469826813,2.55E-06,0.048601388
1517.450683,3.469826992,2.54E-06,0.048345247
1519.756839,3.469827171,2.52E-06,0.048090238
1522.070015,3.469827349,2.50E-06,0.047838277
1524.390244,3.469827526,2.48E-06,0.047585548
1526.717557,3.469827703,2.47E-06,0.047335885
1529.051988,3.469827878,2.45E-06,0.04708738
1531.393568,3.469828054,2.43E-06,0.046841962
1533.742331,3.469828228,2.42E-06,0.046595792
1536.09831,3.469828402,2.40E-06,0.046352725
1538.461538,3.469828575,2.39E-06,0.046108911
1540.832049,3.469828747,2.37E-06,0.045868219
1543.209877,3.469828919,2.35E-06,0.045628722
1545.595054,3.46982909,2.34E-06,0.045390428
1547.987616,3.46982926,2.32E-06,0.045155286
1550.387597,3.46982943,2.31E-06,0.044919415
1552.795031,3.469829598,2.29E-06,0.044684763
1555.209953,3.469829767,2.27E-06,0.04445329
1557.632399,3.469829934,2.26E-06,0.044221095
1560.062402,3.469830101,2.24E-06,0.043992097
1562.5,3.469830268,2.23E-06,0.043764347
1564.945227,3.469830433,2.21E-06,0.043535884
1567.398119,3.469830598,2.20E-06,0.043310644
1569.858713,3.469830763,2.18E-06,0.04308667
1572.327044,3.469830926,2.17E-06,0.042863967
1574.80315,3.46983109,2.15E-06,0.042640563
1577.287066,3.469831252,2.14E-06,0.042420418
1579.778831,3.469831414,2.13E-06,0.042201563
1582.278481,3.469831575,2.11E-06,0.041984004
1584.786054,3.469831736,2.10E-06,0.041765755
1587.301587,3.469831896,2.08E-06,0.041550802
1589.825119,3.469832055,2.07E-06,0.041337164
1592.356688,3.469832214,2.06E-06,0.041122846
1594.896332,3.469832372,2.04E-06,0.040911852
1597.444089,3.46983253,2.03E-06,0.040700184
1600,3.469832687,2.01E-06,0.040489849
1602.564103,3.469832843,2.00E-06,0.040282868
1605.136437,3.469832999,1.99E-06,0.040075223
1607.717042,3.469833154,1.97E-06,0.03986893
1610.305958,3.469833309,1.96E-06,0.039663997
1612.903226,3.469833463,1.95E-06,0.039460429
1615.508885,3.469833616,1.93E-06,0.039258233
1618.122977,3.469833769,1.92E-06,0.039055383
1620.745543,3.469833922,1.91E-06,0.038855949
1623.376623,3.469834073,1.89E-06,0.038655868
1626.01626,3.469834225,1.88E-06,0.038457179
1628.664495,3.469834375,1.87E-06,0.038259889
1631.32137,3.469834525,1.86E-06,0.038064006
1633.986928,3.469834675,1.84E-06,0.037869536
1636.661211,3.469834824,1.83E-06,0.03767443
1639.344262,3.469834972,1.82E-06,0.037482804
1642.036125,3.46983512,1.81E-06,0.037290548
1644.736842,3.469835268,1.80E-06,0.037099727
1647.446458,3.469835414,1.78E-06,0.036910348
1650.165017,3.469835561,1.77E-06,0.036720343
1652.892562,3.469835706,1.76E-06,0.036533865
1655.629139,3.469835852,1.75E-06,0.036346769
1658.374793,3.469835996,1.74E-06,0.036161136
1661.129568,3.469836141,1.72E-06,0.035974887
1663.893511,3.469836284,1.71E-06,0.0357922
1666.666667,3.469836427,1.70E-06,0.035608904
1669.449082,3.46983657,1.69E-06,0.035427094
1672.240803,3.469836712,1.68E-06,0.035246777
1675.041876,3.469836854,1.67E-06,0.035065856
1677.852349,3.469836995,1.65E-06,0.034886436
1680.672269,3.469837135,1.64E-06,0.034708525
1683.501684,3.469837275,1.63E-06,0.034532131
1686.340641,3.469837415,1.62E-06,0.034355142
1689.189189,3.469837554,1.61E-06,0.034179677
1692.047377,3.469837692,1.60E-06,0.034005745
1694.915254,3.46983783,1.59E-06,0.033831224
1697.792869,3.469837968,1.58E-06,0.033658243
1700.680272,3.469838105,1.57E-06,0.033486811
1703.577513,3.469838242,1.56E-06,0.033316936
1706.484642,3.469838378,1.55E-06,0.033146481
1709.401709,3.469838513,1.54E-06,0.032977592
1712.328767,3.469838648,1.52E-06,0.032808124
1715.265866,3.469838783,1.51E-06,0.032642385
1718.213058,3.469838917,1.50E-06,0.032476078
1721.170396,3.469839051,1.49E-06,0.032309197
1724.137931,3.469839184,1.48E-06,0.032143908
1727.115717,3.469839317,1.47E-06,0.031980218
1730.103806,3.469839449,1.46E-06,0.031818136
1733.102253,3.469839581,1.45E-06,0.031655492
1736.111111,3.469839712,1.44E-06,0.031494465
1739.130435,3.469839843,1.43E-06,0.031332878
1742.160279,3.469839974,1.42E-06,0.031172917
1745.200698,3.469840104,1.41E-06,0.031014591
1748.251748,3.469840233,1.40E-06,0.030855711
1751.313485,3.469840362,1.39E-06,0.030698476
1754.385965,3.469840491,1.39E-06,0.030540688
1757.469244,3.469840619,1.38E-06,0.030384555
1760.56338,3.469840747,1.37E-06,0.030230084
1763.66843,3.469840874,1.36E-06,0.030075069
1766.784452,3.469841001,1.35E-06,0.029921726
1769.911504,3.469841128,1.34E-06,0.029770064
1773.049645,3.469841254,1.33E-06,0.029617865
1776.198934,3.469841379,1.32E-06,0.029465124
1779.359431,3.469841504,1.31E-06,0.029314077
1782.531194,3.469841629,1.30E-06,0.02916473
1785.714286,3.469841753,1.29E-06,0.029017095
1788.908766,3.469841877,1.28E-06,0.028866683
1792.114695,3.469842,1.28E-06,0.028720236
1795.332136,3.469842123,1.27E-06,0.028573263
1798.561151,3.469842246,1.26E-06,0.028425762
1801.801802,3.469842368,1.25E-06,0.028282257
1805.054152,3.46984249,1.24E-06,0.028135966
1808.318264,3.469842611,1.23E-06,0.027991419
1811.594203,3.469842732,1.22E-06,0.027848624
1814.882033,3.469842852,1.21E-06,0.027705311
1818.181818,3.469842972,1.21E-06,0.027563761
1821.493625,3.469843092,1.20E-06,0.027421696
1824.817518,3.469843211,1.19E-06,0.027281406
1828.153565,3.46984333,1.18E-06,0.0271429
1831.501832,3.469843448,1.17E-06,0.027001585
1834.862385,3.469843566,1.17E-06,0.026864363
1838.235294,3.469843684,1.16E-06,0.026726636
1841.620626,3.469843801,1.15E-06,0.026588402
1845.01845,3.469843918,1.14E-06,0.026451977
1848.428835,3.469844034,1.13E-06,0.026315047
1851.851852,3.46984415,1.13E-06,0.026179938
1855.28757,3.469844266,1.12E-06,0.026046658
1858.736059,3.469844381,1.11E-06,0.025910547
1862.197393,3.469844496,1.10E-06,0.025778609
1865.671642,3.469844611,1.09E-06,0.025646179
1869.158879,3.469844725,1.09E-06,0.025513254
1872.659176,3.469844838,1.08E-06,0.025382185
1876.172608,3.469844952,1.07E-06,0.025250623
1879.699248,3.469845064,1.06E-06,0.02512093
1883.239171,3.469845177,1.06E-06,0.024990747
1886.792453,3.469845289,1.05E-06,0.024862444
1890.359168,3.469845401,1.04E-06,0.024733657
1893.939394,3.469845512,1.03E-06,0.024604381
1897.533207,3.469845623,1.03E-06,0.024477
1901.140684,3.469845734,1.02E-06,0.024351523
1904.761905,3.469845844,1.01E-06,0.024225568
1908.396947,3.469845954,1.00E-06,0.024099132
1912.045889,3.469846064,9.98E-07,0.023974616
1915.708812,3.469846173,9.91E-07,0.023849622
1919.385797,3.469846282,9.84E-07,0.023726561
1923.076923,3.46984639,9.77E-07,0.023603026
1926.782274,3.469846498,9.70E-07,0.023481437
1930.501931,3.469846606,9.63E-07,0.023359378
1934.235977,3.469846713,9.56E-07,0.023236847
1937.984496,3.46984682,9.49E-07,0.023116276
1941.747573,3.469846927,9.42E-07,0.022995237
1945.525292,3.469847033,9.36E-07,0.022876172
1949.317739,3.469847139,9.29E-07,0.022756643
1953.125,3.469847244,9.22E-07,0.022636647
1956.947162,3.469847349,9.16E-07,0.02251864
1960.784314,3.469847454,9.09E-07,0.022402635
1964.636542,3.469847559,9.03E-07,0.022283704
1968.503937,3.469847663,8.96E-07,0.022169254
1972.386588,3.469847767,8.90E-07,0.022051873
1976.284585,3.46984787,8.83E-07,0.021936511
1980.19802,3.469847973,8.77E-07,0.021820693
1984.126984,3.469848076,8.71E-07,0.021706908
1988.071571,3.469848178,8.64E-07,0.021592671
1992.031873,3.469848281,8.58E-07,0.021480482
1996.007984,3.469848382,8.52E-07,0.021367846
2000,3.469848484,8.46E-07,0.021254758
2004.008016,3.469848585,8.40E-07,0.021143736
2008.032129,3.469848685,8.34E-07,0.021032268
2012.072435,3.469848786,8.27E-07,0.020920351
2016.129032,3.469848886,8.21E-07,0.020810517
2020.20202,3.469848986,8.15E-07,0.020700239
2024.291498,3.469849085,8.09E-07,0.020589514
2028.397566,3.469849184,8.04E-07,0.020480889
2032.520325,3.469849283,7.98E-07,0.020374377
2036.659878,3.469849381,7.92E-07,0.020264871
2040.816327,3.469849479,7.86E-07,0.020157483
2044.989775,3.469849577,7.80E-07,0.020052226
2049.180328,3.469849674,7.75E-07,0.019943962
2053.38809,3.469849771,7.69E-07,0.019837834
2057.613169,3.469849868,7.63E-07,0.019733855
2061.85567,3.469849964,7.58E-07,0.019629447
2066.115702,3.469850061,7.52E-07,0.019524608
2070.393375,3.469850156,7.46E-07,0.019419335
2074.688797,3.469850252,7.41E-07,0.019316231
2079.002079,3.469850347,7.35E-07,0.0192127
2083.333333,3.469850442,7.30E-07,0.019108736
2087.682672,3.469850536,7.25E-07,0.019006963
2092.050209,3.469850631,7.19E-07,0.018904763
2096.436059,3.469850724,7.14E-07,0.018804769
2100.840336,3.469850818,7.09E-07,0.018704355
2105.263158,3.469850911,7.03E-07,0.018603519
2109.704641,3.469851004,6.98E-07,0.018502257
2114.164905,3.469851097,6.93E-07,0.018403223
2118.644068,3.469851189,6.88E-07,0.01830377
2123.142251,3.469851281,6.82E-07,0.018206562
2127.659574,3.469851373,6.77E-07,0.018108941
2132.196162,3.469851464,6.72E-07,0.018010904
2136.752137,3.469851556,6.67E-07,0.017912447
2141.327623,3.469851646,6.62E-07,0.01781626
2145.922747,3.469851737,6.57E-07,0.01771966
2150.537634,3.469851827,6.52E-07,0.017622645
2155.172414,3.469851917,6.47E-07,0.01752792
2159.827214,3.469852007,6.42E-07,0.017432785
2164.502165,3.469852096,6.37E-07,0.017337239
2169.197397,3.469852185,6.33E-07,0.017244004
2173.913043,3.469852274,6.28E-07,0.017147631
2178.649237,3.469852362,6.23E-07,0.017056315
2183.406114,3.46985245,6.18E-07,0.016961856
2188.183807,3.469852538,6.14E-07,0.016869733
2192.982456,3.469852625,6.09E-07,0.016777206
2197.802198,3.469852713,6.04E-07,0.016684273
2202.643172,3.4698528,6.00E-07,0.016593698
2207.505519,3.469852886,5.95E-07,0.016502723
2212.389381,3.469852973,5.90E-07,0.016411346
2217.2949,3.469853059,5.86E-07,0.016322349
2222.222222,3.469853145,5.81E-07,0.016230165
2227.171492,3.46985323,5.77E-07,0.016143168
2232.142857,3.469853315,5.72E-07,0.016052977
2237.136465,3.4698534,5.68E-07,0.015965194
2242.152466,3.469853485,5.64E-07,0.015877017
2247.191011,3.469853569,5.59E-07,0.015788444
2252.252252,3.469853653,5.55E-07,0.015699472
2257.336343,3.469853737,5.50E-07,0.015612935
2262.443439,3.469853821,5.46E-07,0.015526006
2267.573696,3.469853904,5.42E-07,0.015438683
2272.727273,3.469853987,5.38E-07,0.015353819
2277.904328,3.469854069,5.33E-07,0.015268569
2283.105023,3.469854152,5.29E-07,0.015182929
2288.329519,3.469854234,5.25E-07,0.015096898
2293.577982,3.469854316,5.21E-07,0.015013354
2298.850575,3.469854397,5.17E-07,0.014929425
2304.147465,3.469854479,5.13E-07,0.01484511
2309.468822,3.46985456,5.09E-07,0.014760406
2314.814815,3.46985464,5.05E-07,0.014678218
2320.185615,3.469854721,5.01E-07,0.014595649
2325.581395,3.469854801,4.97E-07,0.014512696
2331.002331,3.469854881,4.93E-07,0.014429356
2336.448598,3.469854961,4.89E-07,0.014348563
2341.920375,3.46985504,4.85E-07,0.014267392
2347.41784,3.469855119,4.81E-07,0.014185839
2352.941176,3.469855198,4.77E-07,0.014106859
2358.490566,3.469855277,4.73E-07,0.014024543
2364.066194,3.469855355,4.69E-07,0.013944809
2369.668246,3.469855433,4.66E-07,0.013864696
2375.296912,3.469855511,4.62E-07,0.013787188
2380.952381,3.469855588,4.58E-07,0.013709311
2386.634845,3.469855666,4.54E-07,0.013628063
2392.344498,3.469855743,4.51E-07,0.013552439
2398.081535,3.469855819,4.47E-07,0.013473439
2403.846154,3.469855896,4.43E-07,0.013394059
2409.638554,3.469855972,4.40E-07,0.013317324
2415.458937,3.469856048,4.36E-07,0.013240219
2421.307506,3.469856124,4.33E-07,0.013165783
2427.184466,3.469856199,4.29E-07,0.013087935
2433.090024,3.469856274,4.26E-07,0.013012767
2439.02439,3.469856349,4.22E-07,0.012937231
2444.987775,3.469856424,4.19E-07,0.012861326
2450.980392,3.469856498,4.15E-07,0.012788129
2457.002457,3.469856573,4.12E-07,0.012711485
2463.054187,3.469856647,4.08E-07,0.012637559
2469.135802,3.46985672,4.05E-07,0.012563267
2475.247525,3.469856794,4.02E-07,0.012491718
2481.389578,3.469856867,3.98E-07,0.012416696
2487.562189,3.46985694,3.95E-07,0.012344427
2493.765586,3.469857012,3.92E-07,0.012271797
2500,3.469857085,3.88E-07,0.012198804
2506.265664,3.469857157,3.85E-07,0.012128594
2512.562814,3.469857229,3.82E-07,0.012054875
2518.891688,3.4698573,3.79E-07,0.011983949
2525.252525,3.469857372,3.75E-07,0.011912665
2531.64557,3.469857443,3.72E-07,0.01184102
2538.071066,3.469857514,3.69E-07,0.011772201
2544.529262,3.469857585,3.66E-07,0.011699834
2551.020408,3.469857655,3.63E-07,0.011630304
2557.544757,3.469857725,3.60E-07,0.011560418
2564.102564,3.469857795,3.57E-07,0.011493395
2570.694087,3.469857865,3.54E-07,0.011422798
2577.319588,3.469857934,3.51E-07,0.011355076
2583.979328,3.469858003,3.48E-07,0.011287003
2590.673575,3.469858072,3.45E-07,0.011218578
2597.402597,3.469858141,3.42E-07,0.011149797
2604.166667,3.46985821,3.39E-07,0.011083931
2610.966057,3.469858278,3.36E-07,0.01101444
2617.801047,3.469858346,3.33E-07,0.010947874
2624.671916,3.469858414,3.30E-07,0.010880959
2631.578947,3.469858481,3.27E-07,0.010816999
2638.522427,3.469858548,3.24E-07,0.010749386
2645.502646,3.469858615,3.21E-07,0.010684739
2652.519894,3.469858682,3.19E-07,0.010619749
2659.574468,3.469858749,3.16E-07,0.010554414
2666.666667,3.469858815,3.13E-07,0.01048873
2673.796791,3.469858881,3.10E-07,0.010422695
2680.965147,3.469858947,3.08E-07,0.010359675
2688.172043,3.469859013,3.05E-07,0.010296316
2695.41779,3.469859078,3.02E-07,0.010232616
2702.702703,3.469859143,2.99E-07,0.010168571
2710.0271,3.469859208,2.97E-07,0.010104179
2717.391304,3.469859273,2.94E-07,0.010042852
2724.79564,3.469859338,2.91E-07,0.009977766
2732.240437,3.469859402,2.89E-07,0.009915759
2739.726027,3.469859466,2.86E-07,0.009853411
2747.252747,3.46985953,2.84E-07,0.009790721
2754.820937,3.469859593,2.81E-07,0.009731148
2762.430939,3.469859657,2.79E-07,0.009667774
2770.083102,3.46985972,2.76E-07,0.009607529
2777.777778,3.469859783,2.74E-07,0.009546951
2785.51532,3.469859845,2.71E-07,0.009486034
2793.296089,3.469859908,2.69E-07,0.009424777
2801.120448,3.46985997,2.66E-07,0.009366698
2808.988764,3.469860032,2.64E-07,0.009304762
2816.901408,3.469860094,2.61E-07,0.009246016
2824.858757,3.469860155,2.59E-07,0.009186939
2832.86119,3.469860216,2.56E-07,0.009127528
2840.909091,3.469860278,2.54E-07,0.009071348
2849.002849,3.469860338,2.52E-07,0.009011269
2857.142857,3.469860399,2.49E-07,0.008954436
2865.329513,3.46986046,2.47E-07,0.008893677
2873.563218,3.46986052,2.45E-07,0.00883618
2881.84438,3.46986058,2.42E-07,0.008778352
2890.17341,3.469860639,2.40E-07,0.008723821
2898.550725,3.469860699,2.38E-07,0.008665332
2906.976744,3.469860758,2.36E-07,0.008610155
2915.451895,3.469860817,2.33E-07,0.008550993
2923.976608,3.469860876,2.31E-07,0.00849516
2932.55132,3.469860935,2.29E-07,0.008438999
2941.176471,3.469860993,2.27E-07,0.008386204
2949.852507,3.469861052,2.25E-07,0.00832939
2958.579882,3.46986111,2.23E-07,0.008275958
2967.35905,3.469861168,2.20E-07,0.008218481
2976.190476,3.469861225,2.18E-07,0.008164401
2985.074627,3.469861283,2.16E-07,0.008109998
2994.011976,3.46986134,2.14E-07,0.008055269
3003.003003,3.469861397,2.12E-07,0.008000212
3012.048193,3.469861453,2.10E-07,0.007948608
3021.148036,3.46986151,2.08E-07,0.007892895
3030.30303,3.469861566,2.06E-07,0.007840653
3039.513678,3.469861622,2.04E-07,0.007788094
3048.780488,3.469861678,2.02E-07,0.007735214
3058.103976,3.469861734,2.00E-07,0.00768201
3067.484663,3.469861789,1.98E-07,0.007632335
3076.923077,3.469861845,1.96E-07,0.007578488
3086.419753,3.4698619,1.94E-07,0.007528186
3095.975232,3.469861954,1.92E-07,0.007473683
3105.590062,3.469862009,1.90E-07,0.007422744
3115.264798,3.469862064,1.88E-07,0.007371487
3125,3.469862118,1.86E-07,0.007319911
3134.796238,3.469862172,1.85E-07,0.00727195
3144.654088,3.469862226,1.83E-07,0.007219735
3154.574132,3.469862279,1.81E-07,0.007171156
3164.556962,3.469862333,1.79E-07,0.007118292
3174.603175,3.469862386,1.77E-07,0.007069082
3184.713376,3.469862439,1.75E-07,0.007019558
3194.888179,3.469862491,1.74E-07,0.006969718
3205.128205,3.469862544,1.72E-07,0.006923587
3215.434084,3.469862596,1.70E-07,0.006873117
3225.806452,3.469862649,1.68E-07,0.006822323
3236.245955,3.4698627,1.67E-07,0.006775266
3246.753247,3.469862752,1.65E-07,0.006727904
3257.32899,3.469862804,1.63E-07,0.006680233
3267.973856,3.469862855,1.62E-07,0.006632251
3278.688525,3.469862906,1.60E-07,0.006583954
3289.473684,3.469862957,1.58E-07,0.006535339
3300.330033,3.469863008,1.57E-07,0.006490551
3311.258278,3.469863058,1.55E-07,0.006441305
3322.259136,3.469863109,1.53E-07,0.006395907
3333.333333,3.469863159,1.52E-07,0.006350206
3344.481605,3.469863209,1.50E-07,0.006304199
3355.704698,3.469863259,1.48E-07,0.006257884
3367.003367,3.469863308,1.47E-07,0.006211256
3378.378378,3.469863357,1.45E-07,0.006164314
3389.830508,3.469863407,1.44E-07,0.006121313
3401.360544,3.469863456,1.42E-07,0.006073745
3412.969283,3.469863504,1.41E-07,0.006030142
3424.657534,3.469863553,1.39E-07,0.00598624
3436.426117,3.469863601,1.38E-07,0.005942036
3448.275862,3.469863649,1.36E-07,0.005897527
3460.207612,3.469863697,1.35E-07,0.005852711
3472.222222,3.469863745,1.33E-07,0.005807583
3484.320557,3.469863793,1.32E-07,0.00576214
3496.503497,3.46986384,1.30E-07,0.005720774
3508.77193,3.469863887,1.29E-07,0.005674708
3521.126761,3.469863934,1.27E-07,0.005632743
3533.568905,3.469863981,1.26E-07,0.005590481
3546.099291,3.469864028,1.25E-07,0.005547919
3558.718861,3.469864074,1.23E-07,0.005505054
3571.428571,3.46986412,1.22E-07,0.005461883
3584.229391,3.469864166,1.20E-07,0.005422907
3597.122302,3.469864212,1.19E-07,0.00537913
3610.108303,3.469864258,1.18E-07,0.005335037
3623.188406,3.469864303,1.16E-07,0.005295177
3636.363636,3.469864348,1.15E-07,0.005255027
3649.635036,3.469864393,1.14E-07,0.005214585
3663.003663,3.469864438,1.12E-07,0.005173846
3676.470588,3.469864483,1.11E-07,0.005132808
3690.0369,3.469864527,1.10E-07,0.005091467
3703.703704,3.469864572,1.09E-07,0.005049819
3717.472119,3.469864616,1.07E-07,0.005007862
3731.343284,3.46986466,1.06E-07,0.004970281
3745.318352,3.469864703,1.05E-07,0.004932418
3759.398496,3.469864747,1.04E-07,0.004889546
3773.584906,3.46986479,1.02E-07,0.004851093
3787.878788,3.469864833,1.01E-07,0.004812349
3802.281369,3.469864876,9.99E-08,0.004773309
3816.793893,3.469864919,9.87E-08,0.004733972
3831.417625,3.469864962,9.75E-08,0.004694334
3846.153846,3.469865004,9.64E-08,0.004659223
3861.003861,3.469865046,9.52E-08,0.00461899
3875.968992,3.469865088,9.40E-08,0.004578445
3891.050584,3.46986513,9.29E-08,0.004542474
3906.25,3.469865172,9.18E-08,0.004506222
3921.568627,3.469865213,9.07E-08,0.004469685
3937.007874,3.469865255,8.95E-08,0.004427914
3952.56917,3.469865296,8.84E-08,0.004390779
3968.253968,3.469865337,8.74E-08,0.004358336
3984.063745,3.469865378,8.63E-08,0.004320628
4000,3.469865418,8.52E-08,0.004282619
4016.064257,3.469865458,8.41E-08,0.004244304
4032.258065,3.469865499,8.31E-08,0.004210747
4048.582996,3.469865539,8.20E-08,0.004171831
4065.04065,3.469865579,8.10E-08,0.004137707
4081.632653,3.469865618,8.00E-08,0.004103304
4098.360656,3.469865658,7.90E-08,0.00406862
4115.226337,3.469865697,7.80E-08,0.00403365
4132.231405,3.469865736,7.70E-08,0.00399839
4149.377593,3.469865775,7.60E-08,0.003962839
4166.666667,3.469865814,7.50E-08,0.003926991
4184.100418,3.469865852,7.40E-08,0.003890843
4201.680672,3.469865891,7.31E-08,0.003859671
4219.409283,3.469865929,7.21E-08,0.003822934
4237.288136,3.469865967,7.12E-08,0.00379121
4255.319149,3.469866005,7.02E-08,0.003753869
4273.504274,3.469866042,6.93E-08,0.003721579
4291.845494,3.46986608,6.84E-08,0.003689012
4310.344828,3.469866117,6.75E-08,0.003656164
4329.004329,3.469866154,6.66E-08,0.003623031
4347.826087,3.469866191,6.57E-08,0.003589611
4366.812227,3.469866228,6.48E-08,0.003555899
4385.964912,3.469866265,6.39E-08,0.003521891
4405.286344,3.469866301,6.31E-08,0.003493119
4424.778761,3.469866337,6.22E-08,0.003458532
4444.444444,3.469866373,6.14E-08,0.003429223
4464.285714,3.469866409,6.05E-08,0.003394042
4484.304933,3.469866445,5.97E-08,0.003364181
4504.504505,3.46986648,5.88E-08,0.00332839
4524.886878,3.469866516,5.80E-08,0.003297961
4545.454545,3.469866551,5.72E-08,0.003267256
4566.210046,3.469866586,5.64E-08,0.003236271
4587.155963,3.469866621,5.56E-08,0.003205001
4608.294931,3.469866655,5.48E-08,0.003173443
4629.62963,3.46986669,5.41E-08,0.00314741
4651.162791,3.469866724,5.33E-08,0.003115291
4672.897196,3.469866758,5.25E-08,0.003082871
4694.835681,3.469866792,5.18E-08,0.003056047
4716.981132,3.469866826,5.10E-08,0.003023042
4739.336493,3.46986686,5.03E-08,0.00299568
4761.904762,3.469866893,4.95E-08,0.002962073
4784.688995,3.469866926,4.88E-08,0.002934157
4807.692308,3.469866959,4.81E-08,0.002905973
4830.917874,3.469866992,4.74E-08,0.002877517
4854.368932,3.469867025,4.67E-08,0.002848784
4878.04878,3.469867057,4.60E-08,0.002819771
4901.960784,3.46986709,4.53E-08,0.002790473
4926.108374,3.469867122,4.46E-08,0.002760887
4950.49505,3.469867154,4.39E-08,0.002731008
4975.124378,3.469867186,4.33E-08,0.002707084
5000,3.469867218,4.26E-08,0.002676637
